Name,Country,Code,First,Division
Saoudi S.,Algeria,dz,Slimane,ATP
Recouderc L.,Andorra,ad,Laurent,ATP
Acasuso J.,Argentina,ar,Jose,ATP
Alund M.,Argentina,ar,Martin,ATP
Andreozzi G.,Argentina,ar,Guido,ATP
Aranguren J.M.,Argentina,ar,Juan Martin,ATP
Arguello F.,Argentina,ar,Facundo,ATP
Baez S.,Argentina,ar,Sebastian,ATP
Bagnis F.,Argentina,ar,Facundo,ATP
Barrios M.,Argentina,ar,Mariano,ATP
Berlocq C.,Argentina,ar,Carlos,ATP
Brzezicki J.P.,Argentina,ar,Juan Pablo,ATP
Cachin P.,Argentina,ar,Pedro,ATP
Calleri A.,Argentina,ar,Agustin,ATP
Canas G.,Argentina,ar,Guillermo,ATP
Cerundolo F.,Argentina,ar,Francisco,ATP
Cerundolo J.M.,Argentina,ar,Juan Manuel,ATP
Chela J.I.,Argentina,ar,Juan Ignacio,ATP
Coria F.,Argentina,ar,Federico,ATP
Coria G.,Argentina,ar,Guillermo,ATP
Dabul B.,Argentina,ar,Brian,ATP
Decoud S.,Argentina,ar,Sebastian,ATP
Del Potro J.M.,Argentina,ar,Juan Martin,ATP
Delbonis F.,Argentina,ar,Federico,ATP
Diaz Acosta F.,Argentina,ar,Facundo,ATP
Etcheverry T.,Argentina,ar,Tomas Martin,ATP
Ficovich J.P.,Argentina,ar,Juan Pablo,ATP
Galdon P.,Argentina,ar,Pablo,ATP
Gaudio G.,Argentina,ar,Gaston,ATP
Gonzalez M.,Argentina,ar,Maximo,ATP
Guzman J.P.,Argentina,ar,Juan Pablo,ATP
Hartfield D.,Argentina,ar,Diego,ATP
Junqueira D.,Argentina,ar,Diego,ATP
Kicker N.,Argentina,ar,Nicolas,ATP
Londero J.I.,Argentina,ar,Juan Ignacio,ATP
Lopez M.,Argentina,ar,Marc,ATP
Marcaccio G.,Argentina,ar,Gustavo,ATP
Massa E.,Argentina,ar,Edgardo,ATP
Mayer L.,Argentina,ar,Leonardo,ATP
Molteni A.,Argentina,ar,Andres,ATP
Monaco J.,Argentina,ar,Juan,ATP
Nalbandian D.,Argentina,ar,David,ATP
Olivo R.,Argentina,ar,Renzo,ATP
Patriarca D.,Argentina,ar,Damian,ATP
Pella G.,Argentina,ar,Guido,ATP
Puerta M.,Argentina,ar,Mariano,ATP
Roitman S.,Argentina,ar,Sergio,ATP
Schwank E.,Argentina,ar,Eduardo,ATP
Schwartzman D.,Argentina,ar,Diego,ATP
Tirante T.A.,Argentina,ar,Thiago Augustin,ATP
Trungelliti M.,Argentina,ar,Marco,ATP
Vassallo-Arguello M.,Argentina,ar,Martin,ATP
Velotti A.,Argentina,ar,Agustin,ATP
Zabaleta M.,Argentina,ar,Mariano,ATP
Zeballos H.,Argentina,ar,Horacio,ATP
Capurro Taborda M.,Argentina,ar,Martina,WTA
Cravero J.,Argentina,ar,Jorgelina,WTA
Dulko G.,Argentina,ar,Gisela,WTA
Fernandez C.,Argentina,ar,Clarisa,WTA
Irigoyen M.,Argentina,ar,Maria,WTA
Jozami B.,Argentina,ar,Betina,WTA
Molinero F.,Argentina,ar,Florencia,WTA
Ormaechea P.,Argentina,ar,Paula,WTA
Pella C.,Argentina,ar,Catalina,WTA
Podoroska N.,Argentina,ar,Nadia,WTA
Salerni M.E.,Argentina,ar,Marie Emilia,WTA
Suarez P.,Argentina,ar,Paola,WTA
Sargsian S.,Armenia,am,Sargis,ATP
Anderson O.,Australia,au,Oliver,ATP
Arthurs W.,Australia,au,Wayne,ATP
Baccanello P.,Australia,au,Paul,ATP
Ball C.,Australia,au,Cameron,ATP
Barton M.,Australia,au,Matthew,ATP
Bolt A.,Australia,au,Alex,ATP
Bourchier H.,Australia,au,Harry,ATP
Bourgeois L.,Australia,au,Luke,ATP
De Minaur A.,Australia,au,Alex,ATP
Draper S.,Australia,au,Scott,ATP
Duckworth J.,Australia,au,James,ATP
Ebden M.,Australia,au,Matthew,ATP
Ebelthite C.,Australia,au,Colin,ATP
Fancutt T.,Australia,au,Thomas,ATP
Fish A.,Australia,au,Ashley,ATP
Groth S.,Australia,au,Sam,ATP
Guccione C.,Australia,au,Chris,ATP
Harris A.,Australia,au,Andrew,ATP
Healey N.,Australia,au,Nathan,ATP
Hewitt L.,Australia,au,Lleyton,ATP
Jasika O.,Australia,au,Omar,ATP
Jones A.,Australia,au,Alun,ATP
Jones G.,Australia,au,Greg,ATP
Junaid R.,Australia,au,Rameez,ATP
Kimmich M.,Australia,au,Marc,ATP
Kokkinakis T.,Australia,au,Thanasi,ATP
Kubler J.,Australia,au,Jason,ATP
Kyrgios N.,Australia,au,Nick,ATP
Lemke J.,Australia,au,James,ATP
Lindahl N.,Australia,au,Nick,ATP
Luczak P.,Australia,au,Peter,ATP
Matosevic M.,Australia,au,Marinko,ATP
Millman J.,Australia,au,John,ATP
Mitchell B.,Australia,au,Benjamin,ATP
Mott B.,Australia,au,Blake,ATP
O'Connell C.,Australia,au,Christopher,ATP
Philippoussis M.,Australia,au,Mark,ATP
Polmans M.,Australia,au,Marc,ATP
Popyrin A.,Australia,au,Alexei,ATP
Reid M.,Australia,au,Matt,ATP
Reid T.,Australia,au,Todd,ATP
Santillan A.,Australia,au,Akira,ATP
Saville L.,Australia,au,Luke,ATP
Schoolkate T.,Australia,au,Tristan,ATP
Sirianni J.,Australia,au,Joseph,ATP
Smeets R.,Australia,au,Robert,ATP
Smith J.P.,Australia,au,John Patrick,ATP
Sweeny D.,Australia,au,Dane,ATP
Thompson J.,Australia,au,Jordan,ATP
Tomic B.,Australia,au,Bernard,ATP
Tu L.,Australia,au,Li,ATP
Vukic A.,Australia,au,Aleksandar,ATP
Whittington A.,Australia,au,Andrew,ATP
Adamczak M.,Australia,au,Monique,WTA
Aiava D.,Australia,au,Destanee,WTA
Bai A.,Australia,au,Alison,WTA
Barty A.,Australia,au,Ashleigh,WTA
Birrell K.,Australia,au,Kimberly,WTA
Bobusic B.,Australia,au,Bojana,WTA
Cabrera L.,Australia,au,Lizette,WTA
Da Silva Fick G.,Australia,au,Gabriella,WTA
Dellacqua C.,Australia,au,Casey,WTA
Dokic J.,Australia,au,Jelena,WTA
Ferguson S.,Australia,au,Sophie,WTA
Fourlis J.,Australia,au,Jaimee,WTA
Gadecki O.,Australia,au,Olivia,WTA
Gavrilova D.,Australia,au,Daria,WTA
Golds S.,Australia,au,Shannon,WTA
Hives Z.,Australia,au,Zoe,WTA
Holland I.,Australia,au,Isabella,WTA
Hon P.,Australia,au,Priscilla,WTA
Inglis M.,Australia,au,Maddison,WTA
Kriz N.,Australia,au,Nicole,WTA
Molik A.,Australia,au,Alicia,WTA
Moore J.,Australia,au,Jessica,WTA
Patterson T.,Australia,au,Tammi,WTA
Peers S.,Australia,au,Sally,WTA
Perez E.,Australia,au,Ellen,WTA
Pratt N.,Australia,au,Nicole,WTA
Rodionova A.,Australia,au,Anastasia,WTA
Rodionova Ar.,Australia,au,Arina,WTA
Rogowska O.,Australia,au,Olivia,WTA
Sanders S.,Australia,au,Storm,WTA
Sharma A.,Australia,au,Astra,WTA
Starr E.,Australia,au,Emelyn,WTA
Stosur S.,Australia,au,Samantha,WTA
Tomljanovic A.,Australia,au,Ajla,WTA
Wallace I.,Australia,au,Isabelle,WTA
Wejnert M.,Australia,au,Monika,WTA
Wheeler C.,Australia,au,Christina,WTA
Wolfe J.,Australia,au,Jarmila,WTA
Eitzinger R.,Austria,at,Rainer,ATP
Eschauer W.,Austria,at,Werner,ATP
Fischer M.,Austria,at,Martin,ATP
Haider-Maurer A.,Austria,at,Andreas,ATP
Hipfl M.,Austria,at,Markus,ATP
Knowle J.,Austria,at,Julian,ATP
Koellerer D.,Austria,at,Daniel,ATP
Koubek S.,Austria,at,Stefan,ATP
Linzer M.,Austria,at,Michael,ATP
Marach O.,Austria,at,Oliver,ATP
Melzer G.,Austria,at,Gerald,ATP
Melzer J.,Austria,at,Jurgen,ATP
Miedler L.,Austria,at,Lucas,ATP
Mirnegg M.,Austria,at,Marco,ATP
Muster T.,Austria,at,Thomas,ATP
Novak D.,Austria,at,Dennis,ATP
Ofner S.,Austria,at,Sebastian,ATP
Oswald P.,Austria,at,Philipp,ATP
Peya A.,Austria,at,Alexander,ATP
Rodionov J.,Austria,at,Jurij,ATP
Sandbichler A.,Austria,at,Armin,ATP
Slanar M.,Austria,at,Martin,ATP
Thiem D.,Austria,at,Dominic,ATP
Trinker B.,Austria,at,Bastian,ATP
Antonitsch M.,Austria,at,Mira,WTA
Bammer S.,Austria,at,Sybille,WTA
Grabher J.,Austria,at,Julia,WTA
Haas B.,Austria,at,Barbara,WTA
Hoch E.,Austria,at,Eva,WTA
Hofmanova N.,Austria,at,Nikola,WTA
Klaffner M.,Austria,at,Melanie,WTA
Mayr P.,Austria,at,Patricia,WTA
Meusburger Y.,Austria,at,Yvonne,WTA
Moser L.M.,Austria,at,Lisa-Maria,WTA
Neuwirth Y.,Austria,at,Yvonne,WTA
Paszek T.,Austria,at,Tamira,WTA
Rottmann N.,Austria,at,Nicole,WTA
Schiechtl T.,Austria,at,Tina,WTA
Farhad K.,Azerbaijan,az,Kamilla,WTA
Jafarova N.,Azerbaijan,az,Nazrin,WTA
King D.,Barbados,bb,Darian,ATP
Betov S.,Belarus,by,Sergey,ATP
Fidirko N.,Belarus,by,Nikolai,ATP
Gerasimov E.,Belarus,by,Egor,ATP
Ignatik U.,Belarus,by,Uladzimir,ATP
Ivashka I.,Belarus,by,Ilya,ATP
Mirnyi M.,Belarus,by,Max,ATP
Shyla Y.,Belarus,by,Yaraslav,ATP
Vasilevski A.,Belarus,by,Andrei,ATP
Voltchkov V.,Belarus,by,Vladimir,ATP
Azarenka V.,Belarus,by,Victoria,WTA
Dzehalevich E.,Belarus,by,Ekaterina,WTA
Govortsova O.,Belarus,by,Olga,WTA
Kremen I.,Belarus,by,Ilona,WTA
Kustova D.,Belarus,by,Darya,WTA
Lapko V.,Belarus,by,Vera,WTA
Milevskaya K.,Belarus,by,Ksenia,WTA
Orlik A.,Belarus,by,Anna,WTA
Poutchek T.,Belarus,by,Tatiana,WTA
Sabalenka A.,Belarus,by,Aryna,WTA
Sasnovich A.,Belarus,by,Aliaksandra,WTA
Yakimova A.,Belarus,by,Anastasiya,WTA
Authom M.,Belgium,be,Maxime,ATP
Bemelmans R.,Belgium,be,Ruben,ATP
Bergs Z.,Belgium,be,Zizou,ATP
Bogaerts R.,Belgium,be,Romain,ATP
Coppejans K.,Belgium,be,Kimmer,ATP
Darcis S.,Belgium,be,Steve,ATP
De Greef A.,Belgium,be,Arthur,ATP
De Loore J.,Belgium,be,Joris,ATP
Desein N.,Belgium,be,Niels,ATP
Elseneer G.,Belgium,be,Gilles,ATP
Gigounon G.,Belgium,be,Germain,ATP
Goffin D.,Belgium,be,David,ATP
Malisse X.,Belgium,be,Xavier,ATP
Mertens Y.,Belgium,be,Yannick,ATP
Norman D.,Belgium,be,Dick,ATP
Rochus C.,Belgium,be,Christophe,ATP
Rochus O.,Belgium,be,Olivier,ATP
Vliegen K.,Belgium,be,Kristof,ATP
Benoit M.,Belgium,be,Marie,WTA
Bonaventure Y.,Belgium,be,Ysaline,WTA
Clijsters K.,Belgium,be,Kim,WTA
Flipkens K.,Belgium,be,Kirsten,WTA
Hendler T.,Belgium,be,Tamaryn,WTA
Liebens K.,Belgium,be,Klaartje,WTA
Maes C.,Belgium,be,Caroline,WTA
Mertens E.,Belgium,be,Elise,WTA
Mestach A.S.,Belgium,be,An-Sophie,WTA
Minnen G.,Belgium,be,Greet,WTA
Van Uytvanck A.,Belgium,be,Alison,WTA
Wickmayer Y.,Belgium,be,Yanina,WTA
Zanevska M.,Belgium,be,Maryna,WTA
Dellien H.,Bolivia,bo,Hugo,ATP
Basic M.,Bosnia and Herzegovina,ba,Mirza,ATP
Delic A.,Bosnia and Herzegovina,ba,Amer,ATP
Dzumhur D.,Bosnia and Herzegovina,ba,Damir,ATP
Setkic A.,Bosnia and Herzegovina,ba,Aldin,ATP
Jugic-Salkic M.,Bosnia and Herzegovina,ba,Mervana,WTA
Martinovic S.,Bosnia and Herzegovina,ba,Sandra,WTA
Tinjic J.,Bosnia and Herzegovina,ba,Jasmina,WTA
Alves T.,Brazil,br,Thiago,ATP
Bellucci T.,Brazil,br,Thomaz,ATP
Clezar G.,Brazil,br,Guilherme,ATP
Daniel M.,Brazil,br,Marcos,ATP
De Paula F.,Brazil,br,Fabiano,ATP
Demoliner M.,Brazil,br,Marcelo,ATP
Dutra Silva R.,Brazil,br,Rogerio,ATP
Ferreiro F.,Brazil,br,Franco,ATP
Ghem A.,Brazil,br,Andre,ATP
Hocevar R.,Brazil,br,Ricardo,ATP
Kuerten G.,Brazil,br,Gustavo,ATP
Luz O.,Brazil,br,Orlando,ATP
Meligeni Rodrigues F,Brazil,br,Felipe,ATP
Mello R.,Brazil,br,Ricardo,ATP
Menezes J.,Brazil,br,Joao,ATP
Monteiro T.,Brazil,br,Thiaigo,ATP
Romboli F.,Brazil,br,Fernando,ATP
Sa A.,Brazil,br,Andre,ATP
Sakamoto P.,Brazil,br,Pedro,ATP
Saretta F.,Brazil,br,Flavio,ATP
Seyboth Wild T.,Brazil,br,Thiago,ATP
Silva D.,Brazil,br,Daniel,ATP
Silva J.,Brazil,br,Julio,ATP
Souza J.,Brazil,br,Joao,ATP
Zampieri C.,Brazil,br,Caio,ATP
Alves C.M.,Brazil,br,Maria Claudia,WTA
Alves M.F.,Brazil,br,Maria Fernanda,WTA
Ce G.,Brazil,br,Gabriela,WTA
Goncalves P.C.,Brazil,br,Paula Cristina,WTA
Haddad Maia B.,Brazil,br,Beatriz,WTA
Pereira T.,Brazil,br,Teliana,WTA
Pigossi L.,Brazil,br,Laura,WTA
Stefani L.,Brazil,br,Luisa,WTA
Widjaja J.,Brazil,br,Jenifer,WTA
Andreev A.,Bulgaria,bg,Adrian,ATP
Dimitrov G.,Bulgaria,bg,Grigor,ATP
Donski A.,Bulgaria,bg,Alexander,ATP
Kutrovsky D.,Bulgaria,bg,Dimitar,ATP
Kuzmanov D.,Bulgaria,bg,Dimitar,ATP
Lazarov A.,Bulgaria,bg,Alexandar,ATP
Lazov A.,Bulgaria,bg,Alexandar,ATP
Evtimova D.,Bulgaria,bg,Dia,WTA
Karatantcheva S.,Bulgaria,bg,Sesil,WTA
Kostova E.,Bulgaria,bg,Elitsa,WTA
Naydenova A.,Bulgaria,bg,Aleksandrina,WTA
Pironkova T.,Bulgaria,bg,Tsvetana,WTA
Shinikova I.,Bulgaria,bg,Isabella,WTA
Tomova V.,Bulgaria,bg,Viktoriya,WTA
Agostinelli B.,Canada,ca,Bruno,ATP
Auger-Aliassime F.,Canada,ca,Felix,ATP
Bester P.,Canada,ca,Philip,ATP
Chvojka E.,Canada,ca,Erik,ATP
Dancevic F.,Canada,ca,Frank,ATP
Diez S.,Canada,ca,Steven,ATP
Duclos P.L.,Canada,ca,Pierre Ludovic,ATP
Levine J.,Canada,ca,Jesse,ATP
Lin J.M.,Canada,ca,Jack Mingjie,ATP
Nestor D.,Canada,ca,Daniel,ATP
Niemeyer F.,Canada,ca,Frederic,ATP
Peliwo F.,Canada,ca,Filip,ATP
Polansky P.,Canada,ca,Peter,ATP
Pospisil V.,Canada,ca,Vasek,ATP
Raonic M.,Canada,ca,Milos,ATP
Schnur B.,Canada,ca,Brayden,ATP
Shapovalov D.,Canada,ca,Dennis,ATP
Steckley R.,Canada,ca,Rob,ATP
Abanda F.,Canada,ca,Francoise,WTA
Andreescu B.,Canada,ca,Bianca,WTA
Bouchard E.,Canada,ca,Eugenie,WTA
Dabrowski G.,Canada,ca,Gabriela,WTA
Dubois S.,Canada,ca,Stephanie,WTA
El Tabakh H.,Canada,ca,Heidi,WTA
Fernandez L.,Canada,ca,Leylah,WTA
Fichman S.,Canada,ca,Sharon,WTA
Marino R.,Canada,ca,Rebecca,WTA
Pelletier M.E.,Canada,ca,Marie-Eve,WTA
Robillard-Millette C.,Canada,ca,Charlotte,WTA
Shulaeva E.,Canada,ca,Ekaterina,WTA
Tetreault V.,Canada,ca,Valerie,WTA
Wozniak A.,Canada,ca,Aleksandra,WTA
Zhao C.,Canada,cn,Carol,WTA
Aguilar J.,Chile,cl,Jorge,ATP
Barrios Vera M.T.,Chile,cl,Marcelo Tomas,ATP
Capdeville P.,Chile,cl,Paul,ATP
Garin C.,Chile,cl,Christian,ATP
Gonzalez F.,Chile,cl,Fernando,ATP
Harboe P.,Chile,cl,Phillip,ATP
Hormazabal G.,Chile,cl,Guillermo,ATP
Jarry N.,Chile,cl,Nicolas,ATP
Lama G.,Chile,cl,Gonzalo,ATP
Massu N.,Chile,cl,Nicolas,ATP
Parada F.,Chile,cl,Felipe,ATP
Podlipnik H.,Chile,cl,Hans,ATP
Rios F.,Chile,cl,Felipe,ATP
Saavedra Corvalan C.,Chile,cl,Cristobal,ATP
Tabilo A.,Chile,cl,Alejandro,ATP
Guarachi A.,Chile,cl,Alexa,WTA
Miranda Otarola M.,Chile,cl,Melisa,WTA
Seguel D.,Chile,cl,Daniela,WTA
Silva C.,Chile,cl,Camila,WTA
Bai Y.,China,cn,Yan,ATP
Gao X.,China,cn,Xin,ATP
Gong M.X.,China,cn,Mao Xin,ATP
Li Z.,China,cn,Zhe,ATP
Ouyang B.,China,cn,Bowen,ATP
Sun P.,China,cn,Peng,ATP
Wang C.,China,cn,Chuhan,ATP
Wang Y.J.,China,cn,Yu Jr.,ATP
Wu D.,China,cn,Di,ATP
Wu Y.,China,cn,Yibing,ATP
Xu J.C.,China,cn,Jun-Chau,ATP
Yu X.Y.,China,cn,Xin-Yuan,ATP
Zeng S.X.,China,cn,Shao-Xuan,ATP
Zhang Ze.,China,cn,Ze,ATP
Zhang Zh.,China,cn,Zhizhen,ATP
Chen Y.,China,cn,Yanchong,WTA
Duan Y.Y.,China,cn,Yingying,WTA
Gao X.,China,cn,Xinyu,WTA
Guo H.,China,cn,Hanyu,WTA
Han X.,China,cn,Xinyun,WTA
Hu Y.Y.,China,cn,Yue-Yue,WTA
Ji C.M.,China,cn,Chun-Mei,WTA
Kang J.,China,cn,Jiaqi,WTA
Li N.,China,cn,Na,WTA
Liu F.,China,cn,Fangzhou,WTA
Lu Jia.,China,cn,Jia-Jing,WTA
Lu Jin.,China,cn,Jing-Jing,WTA
Ma S.,China,cn,Shuyue,WTA
Peng S.,China,cn,Shuai,WTA
Song S.S.,China,cn,Shanshan,WTA
Sun S.,China,cn,Shengnan,WTA
Sun T.,China,cn,Tiantian,WTA
Sun T.T.,China,cn,Tian-Tian,WTA
Tang H.C.,China,cn,Hao-Chen,WTA
Wang M.,China,cn,Meiling,WTA
Wang Q.,China,cn,Qiang,WTA
Wang Xin.,China,cn,Xinyu,WTA
Wang Xiy.,China,cn,Xiyu,WTA
Wang Yaf.,China,cn,Yafan,WTA
Xu S.,China,cn,Shilin,WTA
Xu Y.F.,China,cn,Yi-fan,WTA
Xun F.Y.,China,cn,Fang-Ying,WTA
Yan Z.,China,cn,Zi,WTA
Yang Z.,China,cn,Ziyi,WTA
Yang Zha.,China,cn,Zhaoxuan,WTA
You X.,China,cn,Xiaodi,WTA
Yuan M.,China,cn,Meng,WTA
Yuan Y.,China,cn,Yue,WTA
Zhang K.L.,China,cn,Kai-Lin,WTA
Zhang L.,China,cn,Li-Li,WTA
Zhang S.,China,cn,Shuai,WTA
Zhang Y.,China,cn,Yuxuan,WTA
Zhang Yi.,China,cn,Ying,WTA
Zhang Yux.,China,cn,Yuxuan,WTA
Zhao Y.J.,China,cn,Yi-Jing,WTA
Zheng J.,China,cn,Jie,WTA
Zheng S.,China,cn,Sai-Sai,WTA
Zheng W.,China,cn,Wushuang,WTA
Zhou Y.M.,China,cn,Yi- Miao,WTA
Zhu L.,China,cn,Lin,WTA
Chen T.,Chinese Taipei,tw,Ti,ATP
Jung J.,Chinese Taipei,tw,Jason,ATP
Lu Y.H.,Chinese Taipei,tw,Yen-Hsun,ATP
Tseng C.H.,Chinese Taipei,tw,Chun-hsin,ATP
Wang J.,Chinese Taipei,tw,Jimmy,ATP
Yang T.H.,Chinese Taipei,tw,Tsung-Hua,ATP
Cabal J.S.,Colombia,co,Juan Sebastian,ATP
Falla A.,Colombia,co,Alejandro,ATP
Farah R.,Colombia,co,Robert,ATP
Galan D.E.,Colombia,co,Daniel Elahi,ATP
Giraldo S.,Colombia,co,Santiago,ATP
Gomez A.,Colombia,co,Alejandro,ATP
Gonzalez A.,Colombia,co,Alejandro,ATP
Salamanca C.,Colombia,co,Carlos,ATP
Struvay E.,Colombia,co,Eduardo,ATP
Arango E.,Colombia,co,Emiliana,WTA
Castano C.,Colombia,co,Catalina,WTA
Castiblanco K.,Colombia,co,Karen,WTA
Duque Marino M.,Colombia,co,Mariana,WTA
Gonzalez M.,Colombia,co,Maria Herazo,WTA
Herazo Gonzalez M.,Colombia,co,Maria,WTA
Lizarazo Y.,Colombia,co,Yuliana,WTA
Nunez Fuentes V.,Colombia,co,Viky,WTA
Osorio Serrano M.C.,Colombia,co,Maria Camila,WTA
Perez Garcia M.P.,Colombia,co,Maria Paulina,WTA
Zabala P.,Colombia,co,Paula,WTA
Barrientos N.,Columbia,co,Nicolas,ATP
Marin J.A.,Costa Rica,cr,Juan Antonio,ATP
Ancic M.,Croatia,hr,Mario,ATP
Androic T.,Croatia,hr,Toni,ATP
Belic L.,Croatia,hr,Luka,ATP
Cilic M.,Croatia,hr,Marin,ATP
Coric B.,Croatia,hr,Borna,ATP
Delic M.,Croatia,hr,Mate,ATP
Dodig I.,Croatia,hr,Ivan,ATP
Galovic V.,Croatia,hr,Viktor,ATP
Gojo B.,Croatia,hr,Borna,ATP
Jelenic P.,Croatia,hr,Petar,ATP
Karanusic R.,Croatia,hr,Roko,ATP
Karlovic I.,Croatia,hr,Ivo,ATP
Krajan Z.,Croatia,hr,Zeljko,ATP
Ljubicic I.,Croatia,hr,Ivan,ATP
Marcan D.,Croatia,hr,Dino,ATP
Mektic N.,Croatia,hr,Nikola,ATP
Mesaros K.,Croatia,hr,Kristijan,ATP
Pavic A.,Croatia,hr,Ante,ATP
Pavic M.,Croatia,hr,Mate,ATP
Peric T.,Croatia,hr,Tomislav,ATP
Serdarusic N.,Croatia,hr,Nino,ATP
Skugor F.,Croatia,hr,Franko,ATP
Topic J.,Croatia,hr,Josko,ATP
Tuksar S.,Croatia,hr,Sasa,ATP
Veger F.,Croatia,hr,Filip,ATP
Veic A.,Croatia,hr,Antonio,ATP
Zovko L.,Croatia,hr,Lovro,ATP
Abramovic I.,Croatia,hr,Ivana,WTA
Abramovic M.,Croatia,hr,Mario,WTA
Ancic S.,Croatia,hr,Sanja,WTA
Fett J.,Croatia,hr,Jana,WTA
Konjuh A.,Croatia,hr,Ana,WTA
Kostanic Tosic J.,Croatia,hr,Jelena,WTA
Lisjak I.,Croatia,hr,Ivana,WTA
Lucic-Baroni M.,Croatia,hr,Mirjana,WTA
Mamic S.,Croatia,hr,Sanda,WTA
Martic P.,Croatia,hr,Petra,WTA
Mijacika A.,Croatia,hr,Ani,WTA
Mrdeza T.,Croatia,hr,Tereza,WTA
Njiric S.,Croatia,hr,Silvia,WTA
Ozegovic N.,Croatia,hr,Nika,WTA
Pandzic J.,Croatia,hr,Jelena,WTA
Sprem K.,Croatia,hr,Karolina,WTA
Vekic D.,Croatia,hr,Donna,WTA
Vrljic A.,Croatia,hr,Ana,WTA
Baghdatis M.,Cyprus,cy,Marcos,ATP
Chrysochos P.,Cyprus,cy,Petros,ATP
Berdych T.,Czech Republic,cz,Tomas,ATP
Cakl T.,Czech Republic,cz,Tomas,ATP
Cermak F.,Czech Republic,cz,Frantisek,ATP
Dlouhy L.,Czech Republic,cz,Lukas,ATP
Forejtek J.,Czech Republic,cz,Jonas,ATP
Friedl L.,Czech Republic,cz,Leos,ATP
Hajek J.,Czech Republic,cz,Petr,ATP
Hernych J.,Czech Republic,cz,Jan,ATP
Kolar Z.,Czech Republic,cz,Zdenek,ATP
Kutac R.,Czech Republic,cz,Roman,ATP
Lojda D.,Czech Republic,cz,Dusan,ATP
Machac T.,Czech Republic,cz,Tomas,ATP
Mertl J.,Czech Republic,cz,Jan,ATP
Minar I.,Czech Republic,cz,Ivo,ATP
Minar J.,Czech Republic,cz,Jan,ATP
Novak J.,Czech Republic,cz,Jiri,ATP
Pavlasek A.,Czech Republic,cz,Adam,ATP
Pospisil J.,Czech Republic,cz,Jaroslav,ATP
Rosol L.,Czech Republic,cz,Lukas,ATP
Safranek V.,Czech Republic,cz,Vaclav,ATP
Satral J.,Czech Republic,cz,Jan,ATP
Skoch D.,Czech Republic,cz,David,ATP
Snobel P.,Czech Republic,cz,Pavel,ATP
Stepanek M.,Czech Republic,cz,Martin,ATP
Stepanek R.,Czech Republic,cz,Radek,ATP
Tabara M.,Czech Republic,cz,Michal,ATP
Ulihrach B.,Czech Republic,cz,Bohdan,ATP
Vacek J.,Czech Republic,cz,Jan,ATP
Vanek J.,Czech Republic,cz,Jiri,ATP
Vesely J.,Czech Republic,cz,Jiri,ATP
Vik R.,Czech Republic,cz,Robin,ATP
Vrbensky M.,Czech Republic,cz,Michael,ATP
Zib T.,Czech Republic,cz,Tomas,ATP
Zitko R.,Czech Republic,cz,Radim,ATP
Allertova D.,Czech Republic,cz,Denisa,WTA
Benesova I.,Czech Republic,cz,Iveta,WTA
Birnerova E.,Czech Republic,cz,Eva,WTA
Bohmova K.,Czech Republic,cz,Katerina,WTA
Bouzkova M.,Czech Republic,cz,Maria,WTA
Cetkovska P.,Czech Republic,cz,Petra,WTA
Chvojkova V.,Czech Republic,cz,Veronika,WTA
Fruhvirtova L.,Czech Republic,cz,Linda,WTA
Hladikova T.,Czech Republic,cz,Tereza,WTA
Hlavackova A.,Czech Republic,cz,Andrea,WTA
Hradecka L.,Czech Republic,cz,Lucie,WTA
Hrdinova E.,Czech Republic,cz,Eva,WTA
Koukalova K.,Czech Republic,cz,Klara,WTA
Krejcikova B.,Czech Republic,cz,Barbora,WTA
Krejsova P.,Czech Republic,cz,Petra,WTA
Kvitova P.,Czech Republic,cz,Petra,WTA
Maleckova J.,Czech Republic,cz,Jesika,WTA
Martincova T.,Czech Republic,cz,Tereza,WTA
Melzer I.,Czech Republic,cz,Iveta,WTA
Muchova K.,Czech Republic,cz,Karolina,WTA
Ondraskova Z.,Czech Republic,cz,Zuzana,WTA
Peschke K.,Czech Republic,cz,Kveta,WTA
Pliskova Ka.,Czech Republic,cz,Karolina,WTA
Pliskova Kr.,Czech Republic,cz,Kristyna,WTA
Safarova L.,Czech Republic,cz,Lucie,WTA
Safarova Z.,Czech Republic,cz,Zdena,WTA
Siniakova K.,Czech Republic,cz,Katerina,WTA
Smitkova T.,Czech Republic,cz,Tereza,WTA
Sromova H.,Czech Republic,cz,Hana,WTA
Stefkova B.,Czech Republic,cz,Barbora,WTA
Strycova B.,Czech Republic,cz,Barbora,WTA
Vaidisova N.,Czech Republic,cz,Nicole,WTA
Vondrousova M.,Czech Republic,cz,Marketa,WTA
Voracova R.,Czech Republic,cz,Renata,WTA
Zahlavova S.,Czech Republic,cz,Sandra,WTA
Carlsen K.,Denmark,dk,Kenneth,ATP
Nielsen F.,Denmark,dk,Frederik,ATP
Pless K.,Denmark,dk,Kristian,ATP
Rune H.,Denmark,dk,Holger Vitus Nodskov,ATP
Torpegaard M.,Denmark,dk,Mikael,ATP
Barbat K.,Denmark,dk,Karen,WTA
Ejdesgaard M.,Denmark,dk,Malou,WTA
Tauson C.,Denmark,dk,Clara,WTA
Wozniacki C.,Denmark,dk,Caroline,WTA
Estrella Burgos V.,Dominican Republic,do,Victor,ATP
Hernandez-Fernandez J.,Dominican Republic,do,Jose,ATP
Escobar G.,Ecuador,ec,Gonzalo,ATP
Fornell M.,Ecuador,ec,Marc,ATP
Gomez E.,Ecuador,ec,Emilio,ATP
Lapentti G.,Ecuador,ec,Giovanni,ATP
Lapentti N.,Ecuador,ec,Nicolas,ATP
Quiroz R.,Ecuador,ec,Roberto,ATP
Hossam K.,Egypt,eg,Karim,ATP
Maamoun K.,Egypt,eg,Karim Mohamed,ATP
Sabry S.,Egypt,eg,Sherif,ATP
Safwat M.,Egypt,eg,Mohamed,ATP
Sherif M.,Egypt,eg,Mayar,WTA
Arevalo M.,El Salvador,sv,Marcelo,ATP
Zopp J.,Estonia,ee,Jurgen,ATP
Ani M.,Estonia,ee,Maret,WTA
Kanepi K.,Estonia,ee,Kaia,WTA
Kontaveit A.,Estonia,ee,Anett,WTA
Ruutel M.,Estonia,ee,Margit,WTA
Ketola T.,Finland,fi,Tuomas,ATP
Kontinen H.,Finland,fi,Henry,ATP
Nieminen J.,Finland,fi,Jarkko,ATP
Ruusuvuori E.,Finland,fi,Emil,ATP
Laine E.,Finland,fi,Emma,WTA
Ascione T.,France,fr,Thierry,ATP
Barrere G.,France,fr,Gregoire,ATP
Benneteau J.,France,fr,Julien,ATP
Blancaneaux G.,France,fr,Geoffrey,ATP
Bonzi B.,France,fr,Benjamin,ATP
Bourgue M.,France,fr,Mathias,ATP
Burquier G.,France,fr,Gregoire,ATP
Cadart R.,France,fr,Rodolphe,ATP
Carraz G.,France,fr,Gregory,ATP
Chardy J.,France,fr,Jeremy,ATP
Clement A.,France,fr,Arnaud,ATP
Couacaud E.,France,fr,Enzo,ATP
Dasnieres de Veigy J.,France,fr,Jonathan,ATP
De Chaunac S.,France,fr,Sebastien,ATP
De Schepper K.,France,fr,Kenny,ATP
Devilder N.,France,fr,Nicolas,ATP
Dupuis A.,France,fr,Antony,ATP
Eysseric J.,France,fr,Jonathan,ATP
Faurel J.C.,France,fr,Jean-Christophe,ATP
Gasquet R.,France,fr,Richard,ATP
Gaston H.,France,fr,Hugo,ATP
Gensse A.,France,fr,Augustin,ATP
Gicquel M.,France,fr,Marc,ATP
Grenier H.,France,fr,Hugo,ATP
Grosjean S.,France,fr,Sebastien,ATP
Guez D.,France,fr,David,ATP
Haehnel J.,France,fr,Jerome,ATP
Halys Q.,France,fr,Quentin,ATP
Hamou M.,France,fr,Maxime,ATP
Hemery C.,France,fr,Calvin,ATP
Herbert P.H.,France,fr,Pierre Hugues,ATP
Hoang A.,France,fr,Antoine,ATP
Humbert U.,France,fr,Ugo,ATP
Janvier M.,France,fr,Maxime,ATP
Jouan R.,France,fr,Romain,ATP
Lamasine T.,France,fr,Tristan,ATP
Lestienne C.,France,fr,Constant,ATP
Llodra M.,France,fr,Michael,ATP
Lokoli L.,France,fr,Laurent,ATP
Mahut N.,France,fr,Nicolas,ATP
Mannarino A.,France,fr,Adrian,ATP
Martin F.,France,fr,Fabrice,ATP
Mathieu P.H.,France,fr,Paul Henri,ATP
Mayot H.,France,fr,Harold,ATP
Michon A.,France,fr,Axel,ATP
Millot V.,France,fr,Vincent,ATP
Mina G.,France,fr,Gianni,ATP
Monfils G.,France,fr,Gael,ATP
Montcourt M.,France,fr,Mathieu,ATP
Moutet C.,France,fr,Corentin,ATP
Muller A.,France,fr,Alexandre,ATP
Mutis O.,France,fr,Olivier,ATP
Olivetti A.,France,fr,Albano,ATP
Ouanna J.,France,fr,Josselin,ATP
Paire B.,France,fr,Benoit,ATP
Patience O.,France,fr,Olivier,ATP
Pouille L.,France,fr,Lucas,ATP
Prodon E.,France,fr,Eric,ATP
Reix C.,France,fr,Clement,ATP
Renavand N.,France,fr,Nicolas,ATP
Rinderknech A.,France,fr,Arthur,ATP
Robert S.,France,fr,Stephane,ATP
Rodrigues M.,France,fr,Mathieu,ATP
Roger-Vasselin E.,France,fr,Christophe,ATP
Roumane R.,France,fr,Rayane,ATP
Rufin G.,France,fr,Guillaume,ATP
Sakharov G.,France,fr,Gleb,ATP
Santoro F.,France,fr,Fabrice,ATP
Saulnier C.,France,fr,Cyril,ATP
Serra F.,France,fr,Florent,ATP
Sidorenko A.,France,fr,Alexandre,ATP
Simon G.,France,fr,Gilles,ATP
Teixeira M.,France,fr,Maxime,ATP
Thomann N.,France,fr,Nicolas,ATP
Tsonga J.W.,France,fr,Jo-Wilfried,ATP
Vaisse M.,France,fr,Martin,ATP
Walter L.,France,fr,Ludovic,ATP
Albie A.,France,fr,Audrey,WTA
Andrianjafitrimo T.,France,fr,Tessah,WTA
Arcangioli M.,France,fr,Manon,WTA
Bacquet E.,France,fr,Emilie,WTA
Bartoli M.,France,fr,Marion,WTA
Beltrame S.,France,fr,Severine,WTA
Bremond I.,France,fr,Iryna,WTA
Burel C.,France,fr,Clara,WTA
Cohen Aloro S.,France,fr,Stephanie,WTA
Coin J.,France,fr,Julie,WTA
Cornet A.,France,fr,Alize,WTA
De Gubernatis C.,France,fr,Claire,WTA
Dechy N.,France,fr,Nathalie,WTA
Dodin O.,France,fr,Oceane,WTA
Fedossova Y.,France,fr,Yulia,WTA
Ferro F.,France,fr,Fiona,WTA
Feuerstein C.,France,fr,Claire,WTA
Foretz S.,France,fr,Stephanie,WTA
Garcia C.,France,fr,Caroline,WTA
Georges M.,France,fr,Myrtille,WTA
Golovin T.,France,fr,Tatiana,WTA
Henin J.,France,fr,Justine,WTA
Hesse A.,France,fr,Amandine,WTA
Huck V.,France,fr,Violette,WTA
Jacquemot E.,France,fr,Elsa,WTA
Janicijevic S.,France,fr,Selena,WTA
Johansson M.,France,fr,Mathilde,WTA
Laisne K.,France,fr,Kinnie,WTA
Larriere V.,France,fr,Victoria,WTA
Lim A.,France,fr,Alize,WTA
Loit E.,France,fr,Emilie,WTA
Mauresmo A.,France,fr,Amelie,WTA
Mladenovic K.,France,fr,Kristina,WTA
Paquet C.,France,fr,Chloe,WTA
Parmentier P.,France,fr,Pauline,WTA
Parry D.,France,fr,Diane,WTA
Pavlovic I.,France,fr,Irena,WTA
Pin C.,France,fr,Camille,WTA
Ponchet J.,France,fr,Jessika,WTA
Ramialison I.,France,fr,Irina,WTA
Razzano V.,France,fr,Virginie,WTA
Reix S.,France,fr,Sherazad,WTA
Rezai A.,France,fr,Aravane,WTA
Sanchez O.,France,fr,Olivia,WTA
Tan H.,France,fr,Harmony,WTA
Thorpe L.,France,fr,Laura,WTA
Basilashvili N.,Georgia,ge,Nikoloz,ATP
Labadze I.,Georgia,ge,Irakli,ATP
Bolkvadze M.,Georgia,ge,Mariam,WTA
Chakhnashvili M.,Georgia,ge,Margalita,WTA
Gorgodze E.,Georgia,ge,Ekaterine,WTA
Kalashnikova O.,Georgia,ge,Oksana,WTA
Mikadze T.,Georgia,ge,Tatia,WTA
Shapatava S.,Georgia,ge,Sofia,WTA
Altmaier D.,Germany,de,Daniel,ATP
Bachinger M.,Germany,de,Matthias,ATP
Beck A.,Germany,de,Andreas,ATP
Becker B.,Germany,de,Benjamin,ATP
Behrend T.,Germany,de,Tomas,ATP
Berrer M.,Germany,de,Michael,ATP
Brands D.,Germany,de,Daniel,ATP
Brown D.,Germany,de,Dustin,ATP
Burgsmuller L.,Germany,de,Lars,ATP
Clemens T.,Germany,de,Tobias,ATP
Dorsch B.,Germany,de,Benedikt,ATP
Elsner D.,Germany,de,Daniel,ATP
Emmrich M.,Germany,de,Martin,ATP
Gojowczyk P.,Germany,de,Peter,ATP
Gremelmayr D.,Germany,de,Denis,ATP
Greul S.,Germany,de,Simon,ATP
Haas T.,Germany,de,Tommy,ATP
Hanfmann Y.,Germany,de,Yannick,ATP
Kamke T.,Germany,de,Tobias,ATP
Kern R.,Germany,de,Robin,ATP
Kiefer N.,Germany,de,Nicolas,ATP
Kindlmann D.,Germany,de,Dieter,ATP
Klein T.,Germany,de,Tobias,ATP
Kloer S.,Germany,de,Sascha,ATP
Knittel B.,Germany,de,Bastian,ATP
Koepfer D.,Germany,de,Dominik,ATP
Kohlmann M.,Germany,de,Michael,ATP
Kohlschreiber P.,Germany,de,Philipp,ATP
Krawietz K.,Germany,de,Kevin,ATP
Langer N.,Germany,de,Nils,ATP
Lenz J.,Germany,de,Julian,ATP
Maden Y.,Germany,de,Yannick,ATP
Marterer M.,Germany,de,Maximilian,ATP
Masur D.,Germany,de,Daniel,ATP
Mayer F.,Germany,de,Florian,ATP
Meffert D.,Germany,de,Dominik,ATP
Moeller M.,Germany,de,Marvin,ATP
Molleker R.,Germany,de,Rudolf,ATP
Moraing M.,Germany,de,Mats,ATP
Moser F.,Germany,de,Frank,ATP
Otte O.,Germany,de,Oscar,ATP
Petzschner P.,Germany,de,Philipp,ATP
Phau B.,Germany,de,Bjorn,ATP
Poerschke L.,Germany,de,Lars,ATP
Popp A.,Germany,de,Alexander,ATP
Popp T.,Germany,de,Torsten,ATP
Puetz T.,Germany,de,Tim,ATP
Reister J.,Germany,de,Julian,ATP
Rieschick S.,Germany,de,Sebastian,ATP
Schuettler R.,Germany,de,Rainer,ATP
Schuttler P.,Germany,de,Patrick,ATP
Stadler S.,Germany,de,Simon,ATP
Stebe C.M.,Germany,de,Cedrik-Marcel,ATP
Struff J.L.,Germany,de,Jan-Lennard,ATP
Summerer T.,Germany,de,Tobias,ATP
Thron A.,Germany,de,Aljoscha,ATP
Torebko P.,Germany,de,Peter,ATP
Uebel L.,Germany,de,Lars,ATP
Waske A.,Germany,de,Alexander,ATP
Wessels L.,Germany,de,Louis,ATP
Zverev A.,Germany,de,Alexander,ATP
Zverev M.,Germany,de,Mischa,ATP
Bachmann A.,Germany,de,Angelika,WTA
Barrois K.,Germany,de,Kristina,WTA
Barthel M.,Germany,de,Mona,WTA
Beck A.,Germany,de,Annika,WTA
Friedsam A.L.,Germany,de,Anna Lena,WTA
Gehrlein S.,Germany,de,Stephanie,WTA
Gerlach K.,Germany,de,Katharina,WTA
Goerges J.,Germany,de,Julia,WTA
Groenefeld A.L.,Germany,de,Anna Lena,WTA
Gronert S.,Germany,de,Sarah,WTA
Hobgarski K.,Germany,de,Katharina,WTA
Kerber A.,Germany,de,Angelique,WTA
Klaschka C.,Germany,de,Carmen,WTA
Kloesel S.,Germany,de,Sandra,WTA
Korpatsch T.,Germany,de,Tamara,WTA
Lisicki S.,Germany,de,Sabine,WTA
Lottner A.,Germany,de,Antonia,WTA
Maria T.,Germany,de,Tatjana,WTA
Muller M.,Germany,de,Martina,WTA
Niemeier J.,Germany,de,Julie,WTA
Petkovic A.,Germany,de,Andrea,WTA
Pfizenmaier D.,Germany,de,Dinah,WTA
Roesch A.,Germany,de,Angelika,WTA
Papadakis L.,Germany,de,Lena,WTA
Schaefer A.,Germany,de,Anne,WTA
Schruff J.,Germany,de,Julia,WTA
Siegemund L.,Germany,de,Laura,WTA
Witthoeft C.,Germany,de,Carina,WTA
Woehr J.,Germany,de,Jasmin,WTA
Woerle K.,Germany,de,Karoline,WTA
Zaja A.,Germany,de,Anna,WTA
Zander N.,Germany,de,Nina,WTA
Auckland J.,Great Britain,gb,James,ATP
Baker J.,Great Britain,gb,Jamie,ATP
Bloomfield R.,Great Britain,gb,Richard,ATP
Bogdanovic A.,Great Britain,gb,Alex,ATP
Broady L.,Great Britain,gb,Liam,ATP
Childs L.,Great Britain,gb,Lee,ATP
Choinski J.,Great Britain,gb,Jan,ATP
Clarke J.,Great Britain,gb,Jay,ATP
Corrie E.,Great Britain,gb,Edward,ATP
Cox D.,Great Britain,gb,Daniel,ATP
Delgado J.,Great Britain,gb,Jamie,ATP
Eaton C.,Great Britain,gb,Chris,ATP
Edmund K.,Great Britain,gb,Kyle,ATP
Evans D.,Great Britain,gb,Daniel,ATP
Fleming C.,Great Britain,gb,Colin,ATP
Golding O.,Great Britain,gb,Oliver,ATP
Goodall J.,Great Britain,gb,Joshua,ATP
Gray A.,Great Britain,gb,Alastair,ATP
Henman T.,Great Britain,gb,Tim,ATP
Hilton M.,Great Britain,gb,Mark,ATP
Hutchins R.,Great Britain,gb,Ross,ATP
Inglot D.,Great Britain,gb,Dominic,ATP
Jubb P.,Great Britain,gb,Paul,ATP
Klein B.,Great Britain,gb,Brydan,ATP
Lee M.,Great Britain,gb,Martin,ATP
Mackin A.,Great Britain,gb,Alan,ATP
Marray J.,Great Britain,gb,Jonathan,ATP
Murray A.,Great Britain,gb,Andy,ATP
Norrie C.,Great Britain,gb,Cameron,ATP
Parmar A.,Great Britain,gb,Arvind,ATP
Rusedski G.,Great Britain,gb,Greg,ATP
Sherwood D.,Great Britain,gb,David,ATP
Slabinsky A.,Great Britain,gb,Alexander,ATP
Smethurst D.,Great Britain,gb,Daniel,ATP
Ward A.,Great Britain,gb,Alexander,ATP
Ward J.,Great Britain,gb,James,ATP
Willis M.,Great Britain,gb,Marcus,ATP
Wilson B.,Great Britain,gb,Brian,ATP
Bains N.,Great Britain,gb,Naiktha,WTA
Baltacha E.,Great Britain,gb,Elena,WTA
Boulter K.,Great Britain,gb,Katie,WTA
Broady N.,Great Britain,gb,Naomi,WTA
Burrage J.,Great Britain,gb,Jodie,WTA
Cavaday N.,Great Britain,gb,Naomi,WTA
Christie F.,Great Britain,gb,Freya,WTA
Dart H.,Great Britain,gb,Harriet,WTA
Dunne K.,Great Britain,gb,Katy,WTA
Elliott A.,Great Britain,gb,Amanda,WTA
Jones F.,Great Britain,gb,Francesca,WTA
Keothavong A.,Great Britain,gb,Anna,WTA
Konta J.,Great Britain,gb,Johanna,WTA
Lumsden M.,Great Britain,gb,Maia,WTA
Moore T.,Great Britain,gb,Tara,WTA
Murray S.,Great Britain,gb,Samantha,WTA
O'brien K.,Great Britain,gb,Katie,WTA
Robson L.,Great Britain,gb,Laura,WTA
South M.,Great Britain,gb,Melanie,WTA
Swan K.,Great Britain,gb,Katie,WTA
Watson H.,Great Britain,gb,Heather,WTA
Webley-Smith E.,Great Britain,gb,Emily,WTA
Economidis K.,Greece,gr,Konstantinos,ATP
Mazarakis V.,Greece,gr,Vasilis,ATP
Tsitsipas P.,Greece,gr,Petros,ATP
Tsitsipas S.,Greece,gr,Stefanos,ATP
Daniilidou E.,Greece,gr,Eleni,WTA
Georgatou E.,Greece,gr,Eirini,WTA
Gerasimou A.,Greece,gr,Anna,WTA
Grammatikopoulou V.,Greece,gr,Valentini,WTA
Papamichail D.,Greece,gr,Despina,WTA
Sakkari M.,Greece,gr,Maria,WTA
Rastogi K.,Hong Kong,hk,Karan,ATP
Chan W.Y.,Hong Kong,hk,Wing-Yao,WTA
Chong E.,Hong Kong,hk,Eudice,WTA
Ng K.Y.,Hong Kong,hk,Kuan Yau,WTA
Wu H.C.,Hong Kong,hk,Ho-Ching,WTA
Balazs A.,Hungary,hu,Attila,ATP
Fucsovics M.,Hungary,hu,Marton,ATP
Piros Z.,Hungary,hu,Zsombor,ATP
Valkusz M.,Hungary,hu,Mate,ATP
Arn G.,Hungary,hu,Greta,WTA
Babos T.,Hungary,hu,Timea,WTA
Batta L.,Hungary,hu,Lucia,WTA
Bondar A.,Hungary,hu,Anna,WTA
Borsanyi C.,Hungary,hu,Csilla,WTA
Bukta A.,Hungary,hu,Agnes,WTA
Czink M.,Hungary,hu,Melinda,WTA
Galfi D.,Hungary,hu,Dalma,WTA
Gubacsi Z.,Hungary,hu,Zsofia,WTA
Habler H.,Hungary,hu,Henrietta,WTA
Jani R.L.,Hungary,hu,Reka-Luca,WTA
Kapros A.,Hungary,hu,Anika,WTA
Kiraly P.,Hungary,hu,Palma,WTA
Lukacs V.,Hungary,hu,Vanda,WTA
Marosi K.,Hungary,hu,Katalin,WTA
Nagy K.,Hungary,hu,Kyra,WTA
Stollar F.,Hungary,hu,Fanny,WTA
Szavay A.,Hungary,hu,Agnes,WTA
Udvardy P.,Hungary,hu,Panna,WTA
Amritraj P.,India,in,Prakash,ATP
Bhambri Y.,India,in,Yuki,ATP
Bopanna R.,India,in,Rohan,ATP
Devvarman S.,India,in,Somdev,ATP
Gunneswaran P.,India,in,Prajnesh,ATP
Kadhe A.,India,in,Arjun,ATP
Mankad H.,India,in,Harsh,ATP
Mukund S.,India,in,Sasikumar,ATP
Myneni S.,India,in,Saketh,ATP
Nagal S.,India,in,Sumit,ATP
Nedunchezhiyan J.,India,in,Jeevan,ATP
Paes L.,India,in,Leander,ATP
Prashanth V.,India,in,Vijay Sundar,ATP
Raja P.,India,in,Purav,ATP
Ram R.,India,in,Rajeev,ATP
Ramanathan R.,India,in,Ramkumar,ATP
Singh N.,India,in,Navdeep,ATP
Singh S.,India,in,Sanam,ATP
Uppal V.,India,in,Vishal,ATP
Vardhan V.,India,in,Vishnu,ATP
Wagh A.,India,in,Akash,ATP
Iyer T.,India,in,Tara,WTA
Lakhani I.,India,in,Isha,WTA
Mirza S.,India,in,Sania,WTA
Raina A.,India,in,Ankita,WTA
Rao S.,India,in,Sunitha,WTA
Shroff K.,India,in,Kyra,WTA
Thandi K.,India,in,Karman,WTA
Uberoi S.,India,in,Shikha,WTA
Damayanti A.F.,Indonesia,id,Ayu Fani,WTA
Gumulya S.,Indonesia,id,Sandy,WTA
Tananta L.,Indonesia,id,Lavinia,WTA
Mcgee J.,Ireland,ie,James,ATP
Niland C.,Ireland,ie,Conor,ATP
Sorensen L.,Ireland,ie,Louk,ATP
Liggan K.,Ireland,ie,Kelly,WTA
Hadad A.,Israel,il,Amir,ATP
Leshem E.,Israel,il,Edan,ATP
Levy H.,Israel,il,Harel,ATP
Okun N.,Israel,il,Noam,ATP
Ram A.,Israel,il,Andy,ATP
Sela D.,Israel,il,Dudi,ATP
Weintraub A.,Israel,il,Amir,ATP
Glushko J.,Israel,il,Julia,WTA
Khazaniuk D.,Israel,il,Deniz,WTA
Linetskaya E.,Israel,il,Evgenia,WTA
Obziler T.,Israel,il,Tzipora,WTA
Peer S.,Israel,il,Shahar,WTA
Smashnova A.,Israel,il,Anna,WTA
Aldi F.,Italy,it,Francesco,ATP
Arnaboldi A.,Italy,it,Andrea,ATP
Azzaro L.,Italy,it,Leonardo,ATP
Baldi F.,Italy,it,Filippo,ATP
Basso A.,Italy,it,Andrea,ATP
Bega A.,Italy,it,Alessandro,ATP
Bellotti R.,Italy,it,Riccardo,ATP
Berrettini M.,Italy,it,Matteo,ATP
Bolelli S.,Italy,it,Simone,ATP
Bracciali D.,Italy,it,Daniele,ATP
Brizzi A.,Italy,it,Alberto,ATP
Caruana L.,Italy,it,Liam,ATP
Caruso S.,Italy,it,Salvatore,ATP
Cecchinato M.,Italy,it,Marco,ATP
Cipolla F.,Italy,it,Flavio,ATP
Crugnola M.,Italy,it,Marco,ATP
Dell'Acqua M.,Italy,it,Massimo,ATP
di Mauro A.,Italy,it,Alessio,ATP
Donati M.,Italy,it,Matteo,ATP
Fabbiano T.,Italy,it,Thomas,ATP
Fognini F.,Italy,it,Fabio,ATP
Gaio F.,Italy,it,Federico,ATP
Galimberti G.,Italy,it,Giorgio,ATP
Galvani S.,Italy,it,Stefano,ATP
Ghedin R.,Italy,it,Riccardo,ATP
Giannessi A.,Italy,it,Alessandro,ATP
Giustino L.,Italy,it,Lorenzo,ATP
Ianni S.,Italy,it,Stefano,ATP
Lorenzi P.,Italy,it,Paolo,ATP
Luzzi F.,Italy,it,Federico,ATP
Mager G.,Italy,it,Gianluca,ATP
Marcora R.,Italy,it,Roberto,ATP
Marrai M.,Italy,it,Matteo,ATP
Moroni G.,Italy,it,Gian Marco,ATP
Musetti L.,Italy,it,Lorenzo,ATP
Napolitano S.,Italy,it,Stefano,ATP
Nardi L.,Italy,it,Luca,ATP
Naso G.,Italy,it,Gianluca,ATP
Pellegrino A.,Italy,it,Andrea,ATP
Piccari F.,Italy,it,Francesco,ATP
Quinzi G.,Italy,it,Gianluigi,ATP
Sanguinetti D.,Italy,it,Davide,ATP
Seppi A.,Italy,it,Andreas,ATP
Sinner J.,Italy,it,Jannik,ATP
Sonego L.,Italy,it,Lorenzo,ATP
Starace P.,Italy,it,Potito,ATP
Stoppini A.,Italy,it,Andrea,ATP
Tenconi T.,Italy,it,Tomas,ATP
Travaglia S.,Italy,it,Stefano,ATP
Trevisan M.,Italy,it,Matteo,ATP
Trusendi W.,Italy,it,Walter,ATP
Vagnozzi S.,Italy,it,Simone,ATP
Vanni L.,Italy,it,Luca,ATP
Vico U.,Italy,it,Uros,ATP
Viola M.,Italy,it,Marco,ATP
Viola Mat.,Italy,it,Matteo,ATP
Volandri F.,Italy,it,Filippo,ATP
Zeppieri G.,Italy,it,Giulio,ATP
Albano S.,Italy,it,Silvia,WTA
Barbieri G.,Italy,it,Gioia,WTA
Bona A.,Italy,it,Annalisa,WTA
Brianti A.,Italy,it,Alberta,WTA
Burnett N.,Italy,it,Nastassja,WTA
Caregaro M.,Italy,it,Martina,WTA
Chiesa D.,Italy,it,Deborah,WTA
Cocciaretto E.,Italy,it,Elisabetta,WTA
Dentoni C.,Italy,it,Corinna,WTA
Di Giuseppe M.,Italy,it,Martina,WTA
Di Lorenzo F.,Italy,it,Francesca,WTA
Disderi S.,Italy,it,Silvia,WTA
Errani S.,Italy,it,Sara,WTA
Ferrando C.,Italy,it,Cristiana,WTA
Floris A.,Italy,it,Anna,WTA
Garbin T.,Italy,it,Tathiana,WTA
Gatto-Monticone G.,Italy,it,Giulia,WTA
Giorgi C.,Italy,it,Camila,WTA
Giovine C.,Italy,it,Claudia,WTA
Grymalska A.,Italy,it,Anastasia,WTA
Knapp K.,Italy,it,Karin,WTA
Matteucci A.,Italy,it,Alice,WTA
Paolini J.,Italy,it,Jasmine,WTA
Pennetta F.,Italy,it,Flavia,WTA
Pieri J.,Italy,it,Jessica,WTA
Remondina A.,Italy,it,Anna,WTA
Rosatello C.,Italy,it,Camilla,WTA
Santangelo M.,Italy,it,Mara,WTA
Schiavone F.,Italy,it,Francesca,WTA
Serra Zanetti A.,Italy,it,Antonella,WTA
Stefanini L.,Italy,it,Lucrezia,WTA
Torres Sandoval M.,Italy,it,Melissa,WTA
Trevisan M.,Italy,it,Martina,WTA
Turati B.,Italy,it,Bianca,WTA
Vierin N.,Italy,it,Nathalie,WTA
Vinci R.,Italy,it,Roberta,WTA
Chaen T.,Japan,jp,Tetsuya,ATP
Daniel T.,Japan,jp,Taro,ATP
Ito T.,Japan,jp,Tatsuma,ATP
Ito Y.,Japan,jp,Yoshihito,ATP
Ittogi T.,Japan,jp,Takahiro,ATP
Iwabuchi S.,Japan,jp,Satoshi,ATP
Iwami T.,Japan,jp,Tasuku,ATP
Kondo H.,Japan,jp,Hiroki,ATP
Matsui T.,Japan,jp,Toshihide,ATP
Mochizuki S.,Japan,jp,Shintaro,ATP
Moriya H.,Japan,jp,Hiroki,ATP
Motomura G.,Japan,jp,Gouichi,ATP
Nakashima B.,Japan,jp,Brandon,ATP
Niki T.,Japan,jp,Takuto,ATP
Nishikori K.,Japan,jp,Kei,ATP
Nishioka Y.,Japan,jp,Yoshihito,ATP
Soeda G.,Japan,jp,Go,ATP
Sugita Y.,Japan,jp,Yuichi,ATP
Suzuki T.,Japan,jp,Takao,ATP
Takahashi Y.,Japan,jp,Yusuke,ATP
Takeuchi K.,Japan,jp,Kento,ATP
Terachi T.,Japan,jp,Takahiro,ATP
Uchiyama Y.,Japan,jp,Yasutaka,ATP
Watanuki Y.,Japan,jp,Yosuke,ATP
Aoyama S.,Japan,jp,Shuko,WTA
Date Krumm K.,Japan,jp,Kimiko,WTA
Doi M.,Japan,jp,Misaki,WTA
Eguchi M.,Japan,jp,Misa,WTA
Fuda R.,Japan,jp,Ryoko,WTA
Fujiwara R.,Japan,jp,Rina,WTA
Hibi M.,Japan,jp,Mayo,WTA
Hibino N.,Japan,jp,Nao,WTA
Hozumi E.,Japan,jp,Eri,WTA
Imanishi M.,Japan,jp,Miharu,WTA
Ishizu S.,Japan,jp,Sachie,WTA
Kato M.,Japan,jp,Miyu,WTA
Kobori M.,Japan,jp,Momoko,WTA
Kuwata H.,Japan,jp,Hiroko,WTA
Morigami A.,Japan,jp,Akiko,WTA
Morita A.,Japan,jp,Ayumi,WTA
Muramatsu C.,Japan,jp,Chihiro,WTA
Nakamura A.,Japan,jp,Aiko,WTA
Namigata J.,Japan,jp,Junri,WTA
Nara K.,Japan,jp,Kurumi,WTA
Okuno A.,Japan,jp,Ayaka,WTA
Osaka M.,Japan,jp,Mari,WTA
Osaka N.,Japan,jp,Naomi,WTA
Ozaki R.,Japan,jp,Risa,WTA
Sema E.,Japan,jp,Erika,WTA
Sema Y.,Japan,jp,Yurika,WTA
Shimizu A.,Japan,jp,Ayano,WTA
Sugiyama A.,Japan,jp,Ai,WTA
Takao E.,Japan,jp,Erika,WTA
Yonemura A.,Japan,jp,Akiko,WTA
Yonemura T.,Japan,jp,Tomoko,WTA
Bublik A.,Kazakhstan,kz,Alexander,ATP
Golubev A.,Kazakhstan,kz,Andrey,ATP
Korolev E.,Kazakhstan,kz,Evgeny,ATP
Kukushkin M.,Kazakhstan,kz,Mikhail,ATP
Nedovyesov A.,Kazakhstan,kz,Aleksandr,ATP
Nedovyesov O.,Kazakhstan,kz,Oleksandr,ATP
Popko D.,Kazakhstan,kz,Dmitry,ATP
Schukin Y.,Kazakhstan,kz,Yuri,ATP
Skatov T.,Kazakhstan,kz,Timofey,ATP
Danilina A.,Kazakhstan,kz,Anna,WTA
Diyas Z.,Kazakhstan,kz,Zarina,WTA
Putintseva Y.,Kazakhstan,kz,Yulia,WTA
Rybakina E.,Kazakhstan,kz,Elena,WTA
Shvedova Y.,Kazakhstan,kz,Yaroslava,WTA
Voskoboeva G.,Kazakhstan,kz,Galina,WTA
Al Ghareeb M.,Kuwait,kw,Mohammed,ATP
Palkina K.,Kyrgyzstan,kz,Ksenia,WTA
Gulbis E.,Latvia,lv,Ernests,ATP
Lejnieks K.,Latvia,lv,Karlis,ATP
Marcinkevica D.,Latvia,lv,Diana,WTA
Ostapenko J.,Latvia,lv,Jelena,WTA
Sevastova A.,Latvia,lv,Anastasija,WTA
Vogt S.,Liechtenstein,li,Stephanie,WTA
Von Deichmann K.,Liechtenstein,li,Kathinka,WTA
Berankis R.,Lithuania,lt,Ricardas,ATP
Grigelis L.,Lithuania,lt,Laurynas,ATP
Stanciute L.,Lithuania,lt,Lina,WTA
Muller G.,Luxembourg,lu,Gilles,ATP
Kremer A.,Luxembourg,lu,Anne,WTA
Minella M.,Luxembourg,lu,Mandy,WTA
Rusevski P.,Macedonia,mk,Predrag,ATP
Gjorcheska L.,Macedonia,mk,Lina,WTA
Deen Heshaam A.,Malaysia,my,Ariez Elyaas,ATP
Si Y.M.,Malaysia,my,Yew Ming,ATP
Chua A.,Malaysia,my,Aslina,WTA
Noordin J.,Malaysia,my,Jawairiah,WTA
Echagaray B.,Mexico,mx,Bruno,ATP
Gallardo Valles M.,Mexico,mx,Miguel,ATP
Garza D.,Mexico,mx,Daniel,ATP
Gomez L.,Mexico,mx,Lucas,ATP
Gonzalez S.,Mexico,mx,Santiago,ATP
Hank T.,Mexico,mx,Tigre,ATP
Lopez Villasenor G.,Mexico,mx,Gerardo,ATP
Patino L.,Mexico,mx,Luis,ATP
Ramirez C.,Mexico,mx,Cesar,ATP
Reyes-Varela M.A.,Mexico,mx,Miguel Angel,ATP
Rodriguez B.,Mexico,mx,Bruno,ATP
Sanchez M.,Mexico,mx,Manuel,ATP
Abdala N.,Mexico,mx,Nadia,WTA
Camerin M.E.,Mexico,mx,Maria Elena,WTA
Granillo A.,Mexico,mx,Alejandra,WTA
Hermoso X.,Mexico,mx,Ximena,WTA
Munoz Gallegos D.,Mexico,mx,Daniela,WTA
Olmos G.,Mexico,mx,Giuliana,WTA
Rodriguez V.,Mexico,mx,Victoria,WTA
Sanchez A.S.,Mexico,mx,Ana Sofia,WTA
Zacarias M.,Mexico,mx,Marcela,WTA
Zarazua R.,Mexico,mx,Renata,WTA
Albot R.,Moldova,md,Radu,ATP
Borvanov R.,Moldova,md,Roman,ATP
Balleret B.,Monaco,mc,Benjamin,ATP
Catarina L.,Monaco,mc,Lucas,ATP
Lisnard J.R.,Monaco,mc,Jean Rene,ATP
Kovinic D.,Montenegro,me,Danka,WTA
Ahouda A.,Morocco,ma,Amine,ATP
Arazi H.,Morocco,ma,Hicham,ATP
Benchetrit E.,Morocco,ma,Elliot,ATP
Chaki R.,Morocco,ma,Rabie,ATP
El Aarej M.,Morocco,ma,Mounir,ATP
El Amrani R.,Morocco,ma,Reda,ATP
El Aynaoui Y.,Morocco,ma,Younes,ATP
Idmbarek Y.,Morocco,ma,Yassine,ATP
Khaddari H.,Morocco,ma,Hicham,ATP
Ouahab L.,Morocco,ma,Lamine,ATP
Rachidi Y.,Morocco,ma,Younes,ATP
Tahiri M.,Morocco,ma,Mehdi,ATP
Ziadi M.,Morocco,ma,Mehdi,ATP
Atik R.,Morocco,ma,Rita,WTA
Benhadi G.,Morocco,ma,Ghita,WTA
Bennani L.,Morocco,ma,Lina,WTA
El Allami Zahrae F.,Morocco,ma,Fatime,WTA
El Jardi D.,Morocco,ma,Diae,WTA
Essaadi L.,Morocco,ma,Lamia,WTA
Lalami N.,Morocco,ma,Nadia,WTA
Mouhtassine B.,Morocco,ma,Bahia,WTA
Qostal L.,Morocco,ma,Lina,WTA
De Bakker T.,Netherlands,nl,Thiemo,ATP
Griekspoor T.,Netherlands,nl,Tallon,ATP
Haase R.,Netherlands,nl,Robin,ATP
Huta Galung J.,Netherlands,nl,Jesse,ATP
Koning M.,Netherlands,nl,Michel,ATP
Korteling S.,Netherlands,nl,Steven,ATP
Logtens P.,Netherlands,nl,Paul,ATP
Middelkoop M.,Netherlands,nl,Matwe,ATP
Schalken S.,Netherlands,nl,Sjeng,ATP
Schoorel T.,Netherlands,nl,Thomas,ATP
Sijsling I.,Netherlands,nl,Igor,ATP
Sluiter R.,Netherlands,nl,Raemon,ATP
Smit J.,Netherlands,nl,Jasper,ATP
Van De Zandschulp B.,Netherlands,nl,Botic,ATP
Van der Dium A.,Netherlands,nl,Antal,ATP
van Gemerden M.,Netherlands,nl,Melle,ATP
van Lottum J.,Netherlands,nl,John,ATP
Van Rijthoven T.,Netherlands,nl,Tim,ATP
van Scheppingen D.,Netherlands,nl,Dennis,ATP
Verkerk M.,Netherlands,nl,Martin,ATP
Wessels P.,Netherlands,nl,Peter,ATP
Westerhof B.,Netherlands,nl,Boy,ATP
Bertens K.,Netherlands,an,Kiki,WTA
Burger C.,Netherlands,an,Cindy,WTA
De Vroome I.,Netherlands,an,Indy,WTA
Hogenkamp R.,Netherlands,an,Richel,WTA
Kerkhove L.,Netherlands,an,Lesley,WTA
Krajicek M.,Netherlands,an,Michaella,WTA
Lemoine Q.,Netherlands,an,Quirine,WTA
Pattinama Kerkhove L.,Netherlands,an,Lesley,WTA
Rus A.,Netherlands,an,Arantxa,WTA
Schoofs B.,Netherlands,an,Bibiane,WTA
Schultz McCarthy B.,Netherlands,an,Brenda,WTA
Stoop G.,Netherlands,an,Renate,WTA
Tamaela E.,Netherlands,an,Elise,WTA
Jones G.D.,New Zealand,nz,G.D.,ATP
King-Turner D.,New Zealand,nz,Daniel,ATP
Nielsen M.,New Zealand,nz,Mark,ATP
Sitak A.,New Zealand,nz,Artem,ATP
Statham J.,New Zealand,nz,Jose,ATP
Statham R.,New Zealand,nz,Rubin,ATP
Tearney F.,New Zealand,nz,Finn,ATP
Venus M.,New Zealand,nz,Michael,ATP
Whitehouse W.,New Zealand,nz,Wesley,ATP
Baker L.,New Zealand,nz,Leanne,WTA
Barry E.,New Zealand,nz,Ellen,WTA
Erakovic M.,New Zealand,nz,Marina,WTA
Hourigan P.M.,New Zealand,nz,Paige Marie,WTA
Ivanov V.,New Zealand,nz,Valentina,WTA
Jones S.,New Zealand,nz,Sacha,WTA
Lewis J.,New Zealand,nz,Jade,WTA
Ruud C.,Norway,no,Casper,ATP
Tveit E.,Norway,no,Erling,ATP
Eikeri U.,Norway,no,Ulrikke,WTA
Al Nabhani F.,Oman,om,Fatma,WTA
Qureshi A.U.H.,Pakistan,pk,Aisam Ul-Haq,ATP
Delgado R.,Paraguay,py,Ramon,ATP
Cepede Royg V.,Paraguay,py,Veronica,WTA
De Los Rios R.,Paraguay,py,Rossana,WTA
Horna L.,Peru,pe,Luis,ATP
Varillas J.P.,Peru,pe,Juan Pablo,ATP
Botto B.,Peru,pe,Bianca,WTA
Mamiit C.,Philippines,ph,Cecil,ATP
Taino E.,Philippines,ph,Eric,ATP
Chadaj A.,Poland,pl,Adam,ATP
Fyrstenberg M.,Poland,pl,Mariusz,ATP
Hurkacz H.,Poland,pl,Hubert,ATP
Janowicz J.,Poland,pl,Jerzy,ATP
Kubot L.,Poland,pl,Lukasz,ATP
Majchrzak K.,Poland,pl,Kamil,ATP
Matkowski M.,Poland,pl,Marcin,ATP
Olejniczak D.,Poland,pl,Dawid,ATP
Panfil G.,Poland,pl,Grzegorz,ATP
Przysiezny M.,Poland,pl,Michal,ATP
Zuk K.,Poland,pl,Kacper,ATP
Domachowska M.,Poland,pl,Marta,WTA
Frech M.,Poland,pl,Magdalena,WTA
Kania P.,Poland,pl,Paula,WTA
Kawa K.,Poland,pl,Katarzyna,WTA
Linette M.,Poland,pl,Magda,WTA
Piter K.,Poland,pl,Katarzyna,WTA
Radwanska A.,Poland,pl,Agnieszka,WTA
Radwanska U.,Poland,pl,Urszula,WTA
Shoshyna A.,Poland,pl,Anastasiya,WTA
Swiatek I.,Poland,pl,Iga,WTA
Zaniewska S.,Poland,pl,Sandra,WTA
Domingues J.,Portugal,pt,Joao,ATP
Elias G.,Portugal,pt,Gastao,ATP
Gil F.,Portugal,pt,Fred,ATP
Machado R.,Portugal,pt,Rui,ATP
Monteiro J.,Portugal,pt,Joao,ATP
Silva F.F.,Portugal,pt,Frederico Ferreira,ATP
Sousa J.,Portugal,pt,Joao,ATP
Sousa P.,Portugal,pt,Pedro,ATP
Tavares L.,Portugal,pt,Leonardo,ATP
De Lattre M.,Portugal,pt,Magali,WTA
Joao Koehler M.,Portugal,pt,Maria,WTA
Koehler M.J.,Portugal,pt,Maria Joao,WTA
Larcherde Brito M.,Portugal,pt,Michelle,WTA
Luz B.,Portugal,pt,Barbara,WTA
Nogueira A.,Portugal,pt,Ana Caterina,WTA
Piedade F.,Portugal,pt,Frederica,WTA
Silva N.,Portugal,pt,Nueza,WTA
Brandi K.,Puerto Rico,pr,Kristina,WTA
Puig M.,Puerto Rico,pr,Monica,WTA
Abdulla M.,Qatar,qa,Mohammed,ATP
Al Mutawa J.,Qatar,qa,Jabor,ATP
Ali Mutawa J.M.,Qatar,qa,Jabor Mohammed,ATP
Hajji A.,Qatar,qa,Abdulla,ATP
Khalfan S.,Qatar,qa,Sultan,ATP
Sultan-Khalfan A.,Qatar,qa,Al Alawi,ATP
Zayed M.S.,Qatar,qa,Mousa Shanan,ATP
Zayid M.S.,Qatar,qa,Mubarak Shanan,ATP
Ciorcila P.,Romania,ro,Patrick,ATP
Copil M.,Romania,ro,Marius,ATP
Crivoi V.,Romania,ro,Victor,ATP
Cruciat A.,Romania,ro,Adrian,ATP
Gard C.,Romania,ro,Catalin Ionut,ATP
Hanescu V.,Romania,ro,Victor,ATP
Ionita V.,Romania,ro,Victor,ATP
Luncanu P.A.,Romania,ro,Petru Alexandru,ATP
Mergea F.,Romania,ro,Florin,ATP
Moraru G.,Romania,ro,Gabriel,ATP
Pavel A.,Romania,ro,Andrei,ATP
Sabau R.,Romania,ro,Razvan,ATP
Tecau H.,Romania,ro,Horia,ATP
Ungur A.,Romania,ro,Adrian,ATP
Bara I.,Romania,ro,Irina,WTA
Begu I.,Romania,ro,Irina-Camelia,WTA
Bogdan A.,Romania,ro,Ana,WTA
Bogdan E.,Romania,ro,Elena,WTA
Bulgaru M.,Romania,ro,Miriam,WTA
Buzarnescu M.,Romania,ro,Mihaela,WTA
Cadantu A.,Romania,ro,Alexandra,WTA
Cirstea S.,Romania,ro,Sorana,WTA
Cristian J.,Romania,ro,Jacqueline,WTA
Dinu C.,Romania,ro,Cristina,WTA
Dulgheru A.,Romania,ro,Alexandra,WTA
Gojnea M.,Romania,ro,Madalina,WTA
Halep S.,Romania,ro,Simona,WTA
Minca I.,Romania,ro,Ioana,WTA
Mitu A.,Romania,ro,Andreesa,WTA
Niculescu M.,Romania,ro,Monica,WTA
Olaru R.,Romania,ro,Raluca,WTA
Paar L.I.,Romania,ro,Laura Ioana,WTA
Perianu A.,Romania,ro,Anda,WTA
Rosca A.,Romania,ro,Andreea,WTA
Ruse E.G.,Romania,ro,Elena-Gabriela,WTA
Szatmari A.,Romania,ro,Agnes,WTA
Tig P.M.,Romania,ro,Patricia-Maria,WTA
Ungur L.,Romania,ro,Liana,WTA
Andreev I.,Russia,ru,Igor,ATP
Avidzba A.,Russia,ru,Alen,ATP
Baluda V.,Russia,ru,Victor,ATP
Belyaev I.,Russia,ru,Ilya,ATP
Biryukov M.,Russia,ru,Mikhail,ATP
Bogomolov A.,Russia,ru,Alex,ATP
Chekov P.,Russia,ru,Pavel,ATP
Davletshin V.,Russia,ru,Vadim,ATP
Davydenko N.,Russia,ru,Nikolay,ATP
Davydenko P.,Russia,ru,Philipp,ATP
Donskoy E.,Russia,ru,Evgeny,ATP
Dubrivnyy A.,Russia,ru,Artem,ATP
Elgin M.,Russia,ru,Mikhail,ATP
Gabashvili T.,Russia,ru,Teymuraz,ATP
Kachmazov A.,Russia,ru,Alibek,ATP
Karatsev A.,Russia,ru,Aslan,ATP
Karlovskiy E.,Russia,ru,Evgeny,ATP
Khachanov K.,Russia,ru,Karen,ATP
Kirillov E.,Russia,ru,Evgeny,ATP
Kotov P.,Russia,ru,Pavel,ATP
Kravchuk K.,Russia,ru,Konstantin,ATP
Kudryavtsev A.,Russia,ru,Alexander,ATP
Kumantsov A.,Russia,ru,Andrey,ATP
Kunitsyn I.,Russia,ru,Igor,ATP
Kuznetsov An.,Russia,ru,Andrey,ATP
Ledovskikh M.,Russia,ru,Mikhail,ATP
Levine I.,Russia,ru,Igor,ATP
Matsukevitch D.,Russia,ru,Denis,ATP
Medvedev D.,Russia,ru,Daniil,ATP
Nedelko I.,Russia,ru,Ivan,ATP
Rublev A.,Russia,ru,Andrey,ATP
Safin M.,Russia,ru,Marat,ATP
Safiullin R.,Russia,ru,Roman,ATP
Tursunov D.,Russia,ru,Dmitry,ATP
Tyurnev E.,Russia,ru,Evgenii,ATP
Vatutin A.,Russia,ru,Alexey,ATP
Vovk S.,Russia,ru,Stanislav,ATP
Youzhny A.,Russia,ru,Andrei,ATP
Youzhny M.,Russia,ru,Mikhail,ATP
Afinogenova K.,Russia,ru,Ekaterina,WTA
Alexandrova E.,Russia,ru,Ekaterina,WTA
Bardina V.,Russia,ru,Vasilisa,WTA
Blinkova A.,Russia,ru,Anna,WTA
Bovina E.,Russia,ru,Elena,WTA
Bratchikova N.,Russia,ru,Nina,WTA
Buchina Y.,Russia,ru,Yana,WTA
Bychkova E.,Russia,ru,Ekaterina,WTA
Chakvetadze A.,Russia,ru,Anna,WTA
Dementieva E.,Russia,ru,Elena,WTA
Diatchenko V.,Russia,ru,Vitalia,WTA
Dushevina V.,Russia,ru,Vera,WTA
Flink V.,Russia,ru,Varvara,WTA
Gasanova A.,Russia,ru,Anastasia,WTA
Gasparyan M.,Russia,ru,Margarita,WTA
Gaydarzhi K.,Russia,ru,Ksenia,WTA
Gracheva V.,Russia,ru,Varvara,WTA
Guskova N.,Russia,ru,Nadejda,WTA
Ivakhnenko V.,Russia,ru,Valentyna,WTA
Ivanova E.,Russia,ru,Elena,WTA
Jidkova A.,Russia,ru,Alina,WTA
Kalinskaya A.,Russia,ru,Anna,WTA
Kamenskaya V.,Russia,ru,Victoria,WTA
Kasatkina D.,Russia,ru,Daria,WTA
Khrisanova N.,Russia,ru,Nina,WTA
Khromacheva I.,Russia,ru,Irina,WTA
Kirilenko M.,Russia,ru,Maria,WTA
Kleybanova A.,Russia,ru,Alisa,WTA
Komardina A.,Russia,ru,Anastasiya,WTA
Kondratieva M.,Russia,ru,Maria,WTA
Kudermetova V.,Russia,ru,Veronika,WTA
Kudryavtseva A.,Russia,ru,Alla,WTA
Kulichkova E.,Russia,ru,Elizaveta,WTA
Kulikova R.,Russia,ru,Regina,WTA
Kuznetsova S.,Russia,ru,Svetlana,WTA
Lapushchenkova A.,Russia,ru,Anna,WTA
Leykina P.,Russia,ru,Polina,WTA
Likhovtseva E.,Russia,ru,Elena,WTA
Lykina K.,Russia,ru,Ksenia,WTA
Makarova E.,Russia,ru,Ekaterina,WTA
Melnikova M.,Russia,ru,Marina,WTA
Mokh M.,Russia,ru,Maria,WTA
Monova P.,Russia,ru,Polina,WTA
Myskina A.,Russia,ru,Anastasia,WTA
Panova A.,Russia,ru,Alexandra,WTA
Pavlyuchenkova A.,Russia,ru,Anastasia,WTA
Pervak K.,Russia,ru,Ksenia,WTA
Pervushina O.,Russia,ru,Olesya,WTA
Petrova N.,Russia,ru,Nadia,WTA
Pivovarova A.,Russia,ru,Anastasia,WTA
Potapova A.,Russia,ru,Anastasia,WTA
Puchkova O.,Russia,ru,Olga,WTA
Rakhimova K.,Russia,ru,Kamilla,WTA
Rodina E.,Russia,ru,Evgeniya,WTA
Safina D.,Russia,ru,Dinara,WTA
Samsonova L.,Russia,ru,Liudmila,WTA
Savinykh V.,Russia,ru,Valeria,WTA
Sharapova M.,Russia,ru,Maria,WTA
Sirotkina M.,Russia,ru,Marta,WTA
Solovyeva V.,Russia,ru,Valeriya,WTA
Vesnina E.,Russia,ru,Elena,WTA
Vikhlyantseva N.,Russia,ru,Natalia,WTA
Zhuk S.,Russia,ru,Sofya,WTA
Zvonareva V.,Russia,ru,Vera,WTA
Bozoljac I.,Serbia,rs,Ilija,ATP
Cacic N.,Serbia,rs,Nikola,ATP
Djere L.,Serbia,rs,Laslo,ATP
Djokovic M.,Serbia,rs,Marko,ATP
Djokovic N.,Serbia,rs,Novak,ATP
Kecmanovic M.,Serbia,rs,Miomir,ATP
Krajinovic F.,Serbia,rs,Filip,ATP
Krstin P.,Serbia,rs,Pedja,ATP
Lajovic D.,Serbia,rs,Dusan,ATP
Milojevic N.,Serbia,rs,Nikola,ATP
Pashanski B.,Serbia,rs,Boris,ATP
Petrovic D.,Serbia,rs,Danilo,ATP
Tepavac M.,Serbia,rs,Marko,ATP
Tipsarevic J.,Serbia,rs,Janko,ATP
Troicki V.,Serbia,rs,Viktor,ATP
Vemic D.,Serbia,rs,Dusan,ATP
Zekic M.,Serbia,rs,Miljan,ATP
Zimonjic N.,Serbia,rs,Nenad,ATP
Zlatanovic A.,Serbia,rs,Arsenije,ATP
Danilovic O.,Serbia,rs,Olga,WTA
Dolonc V.,Serbia,rs,Vesna,WTA
Ivanovic A.,Serbia,rs,Ana,WTA
Jaksic J.,Serbia,rs,Jovana,WTA
Jankovic J.,Serbia,rs,Jelena,WTA
Jorovic I.,Serbia,rs,Ivana,WTA
Jovanovski B.,Serbia,rs,Bojana,WTA
Kostic N.,Serbia,rs,Natalija,WTA
Krunic A.,Serbia,rs,Aleksandra,WTA
Mircic T.,Serbia,rs,Teodora,WTA
Radanovic D.,Serbia,rs,Dejana,WTA
Stojanovic N.,Serbia,rs,Nina,WTA
Zoric N.,Serbia,rs,Natasa,WTA
Beck K.,Slovakia,sk,Karol,ATP
Cervenak P.,Slovakia,sk,Pavol,ATP
Gombos N.,Slovakia,sk,Norbert,ATP
Horansky F.,Slovakia,sk,Filip,ATP
Hrbaty D.,Slovakia,sk,Dominik,ATP
Klec I.,Slovakia,sk,Ivo,ATP
Klein L.,Slovakia,sk,Lukas,ATP
Klizan M.,Slovakia,sk,Martin,ATP
Kovalik J.,Slovakia,sk,Jozef,ATP
Kucera K.,Slovakia,sk,Karol,ATP
Lacko L.,Slovakia,sk,Lukas,ATP
Martin A.,Slovakia,sk,Andrej,ATP
Mecir M.,Slovakia,sk,Miloslav,ATP
Mertinak M.,Slovakia,sk,Michal,ATP
Molcan A.,Slovakia,sk,Alex,ATP
Cepelova J.,Slovakia,sk,Jana,WTA
Cibulkova D.,Slovakia,sk,Dominika,WTA
Hantuchova D.,Slovakia,sk,Daniela,WTA
Honcova M.,Slovakia,sk,Michaela,WTA
Juricova J.,Slovakia,sk,Jana,WTA
Jurikova L.,Slovakia,sk,Lenka,WTA
Kucova K.,Slovakia,sk,Kristina,WTA
Kucova Z.,Slovakia,sk,Zuzana,WTA
Kuzmova V.,Slovakia,sk,Viktoria,WTA
Pochabova M.,Slovakia,sk,Michaela,WTA
Rybarikova M.,Slovakia,sk,Magdalena,WTA
Schmiedlova A.K.,Slovakia,sk,Anna Karolina,WTA
Schmiedlova K.,Slovakia,sk,Kristina,WTA
Sramkova R.,Slovakia,sk,Rebecca,WTA
Sucha M.,Slovakia,sk,Martina,WTA
Tvaroskova L.,Slovakia,sk,Lenka,WTA
Wienerova L.,Slovakia,sk,Lenka,WTA
Bedene A.,Slovenia,si,Alijaz,ATP
Gregorc L.,Slovenia,si,Luka,ATP
Kavcic B.,Slovenia,si,Blaz,ATP
Rola B.,Slovenia,si,Blaz,ATP
Zemlja G.,Slovenia,si,Grega,ATP
Hercog P.,Slovenia,sl,Polona,WTA
Jakupovic D.,Slovenia,sl,Dalila,WTA
Juvan K.,Slovenia,sl,Kaja,WTA
Klepac A.,Slovenia,sl,Andreja,WTA
Kolar N.,Slovenia,sl,Nastja,WTA
Majeric T.,Slovenia,sl,Tadeja,WTA
Rampre P.,Slovenia,sl,Petra,WTA
Srebotnik K.,Slovenia,sl,Katarina,WTA
Zec Peskiric M.,Slovenia,sl,Masa,WTA
Zidansek T.,Slovenia,sl,Tamara,WTA
Anderson K.,South Africa,za,Kevin,ATP
De Voest R.,South Africa,za,Rik,ATP
Harris L.,South Africa,za,Lloyd,ATP
Klaasen R.,South Africa,za,Raven,ATP
Moodie W.,South Africa,za,Wesley,ATP
Scholtz N.,South Africa,za,Nicolaas,ATP
Van Der Merwe I.,South Africa,za,Izak,ATP
Wolmarans F.,South Africa,za,Fritz,ATP
Grandin N.,South Africa,za,Natalie,WTA
Scheepers C.,South Africa,za,Chanelle,WTA
Simmonds C.,South Africa,za,Chanel,WTA
Chung H.,South Korea,kr,Hyeon,ATP
Im K.T.,South Korea,kr,Kyu Tae,ATP
Jeong S.Y.,South Korea,kr,Yeong Seok,ATP
Jun W.S.,South Korea,kr,Woong Sun,ATP
Kwon S.W.,South Korea,kr,Soonwoo,ATP
Lee D.H.,South Korea,kr,Duckhee,ATP
Lee H.T.,South Korea,kr,Hyung Taik,ATP
Nam H.W.,South Korea,kr,Hyun-Woo,ATP
Nam J.S.,South Korea,kr,Ji Sung,ATP
Park S.,South Korea,kr,Sohyun,WTA
Cho Y.J.,South Korea,kr,Yoon Jeong,WTA
Choi J.H.,South Korea,kr,Ji-Hee,WTA
Han N.L.,South Korea,kr,Na-Lae,WTA
Han S.H.,South Korea,kr,Sung-Hee,WTA
Hong H.H.,South Korea,kr,Hyun-Hui,WTA
Jang S.J.,South Korea,kr,Su-Jeong,WTA
Kim S.J.,South Korea,kr,So-Jung,WTA
Lee S.R.,South Korea,kr,So-Ra,WTA
Lee Y.R.,South Korea,kr,Ye-Ra,WTA
Yoo M.,South Korea,kr,Mi,WTA
Alcaide G.,Spain,es,Guillermo,ATP
Alcaraz C.,Spain,es,Carlos,ATP
Almagro N.,Spain,es,Nicolas,ATP
Andujar P.,Spain,es,Pablo,ATP
Artunedo Martinavarro A.,Spain,es,Andres,ATP
Bautista Agut R.,Spain,es,Roberto,ATP
Blanco G.,Spain,es,Galo,ATP
Brugues-Davi A.,Spain,es,Arnau,ATP
Burniol G.,Spain,es,Guillem,ATP
Calatrava A.,Spain,es,Alex,ATP
Carballes Baena R.,Spain,es,Roberto,ATP
Carreno Busta P.,Spain,es,Pablo,ATP
Cervantes I.,Spain,es,Inigo,ATP
Condor F.,Spain,es,Frank,ATP
Corretja A.,Spain,es,Alex,ATP
Costa A.,Spain,es,Albert,ATP
Cuadrado C.,Spain,es,Carlos,ATP
Davidovich Fokina A.,Spain,es,Alejandro,ATP
Ferrer D.,Spain,es,David,ATP
Ferrero J.C.,Spain,es,Juan Carlos,ATP
Fogues F.,Spain,es,Francisco,ATP
Fraile G.,Spain,es,Gorka,ATP
Garcia A.,Spain,es,Alejandro,ATP
Garcia-Lopez G.,Spain,es,Guillermo,ATP
Gimeno-Traver D.,Spain,es,Daniel,ATP
Gomez-Herrera C.,Spain,es,Carlos,ATP
Granollers G.,Spain,es,Gerard,ATP
Granollers M.,Spain,es,Marcel,ATP
Gutierrez-Ferrol S.,Spain,es,Sergio,ATP
Hernandez O.,Spain,es,Oscar,ATP
Kuhn N.,Spain,es,Nicola,ATP
Lopez F.,Spain,es,Feliciano,ATP
Lopez-Jaen M.A.,Spain,es,Miguel Angel,ATP
Lopez-Perez E.,Spain,es,Enrique,ATP
Luque D.,Spain,es,David,ATP
Mantilla F.,Spain,es,Felix,ATP
Marrero D.,Spain,es,David,ATP
Marti J.,Spain,es,Javier,ATP
Martinez P.,Spain,es,Pedro,ATP
Matos-Gil I.,Spain,es,Israel,ATP
Menendez-Maceiras A.,Spain,es,Adrian,ATP
Montanes A.,Spain,es,Albert,ATP
Moya C.,Spain,es,Carlos,ATP
Munar J.,Spain,es,Jaume,ATP
Munoz De La Nava D.,Spain,es,Daniel,ATP
Nadal R.,Spain,es,Rafael,ATP
Navarro-Pastor I.,Spain,es,Ivan,ATP
Ojeda Lara R.,Spain,es,Ricardo,ATP
Olaso G.,Spain,es,Guillermo,ATP
Ortega-Olmedo R.,Spain,es,Roberto,ATP
Perez D.,Spain,es,Didac,ATP
Portas A.,Spain,es,Albert,ATP
Ramirez-Hidalgo R.,Spain,es,Ruben,ATP
Ramos-Vinolas A.,Spain,es,Albert,ATP
Riba P.,Spain,es,Pere,ATP
Robredo T.,Spain,es,Tommy,ATP
Roca Batalla O.,Spain,es,Oriol,ATP
Salva B.,Spain,es,Bartolome,ATP
Samper-Montana J.,Spain,es,Jordi,ATP
Sanchez D.,Spain,es,David,ATP
Sanchez De Luna J.A.,Spain,es,Jose Antonio,ATP
Taberner C.,Spain,es,Carlos,ATP
Trujillo G.,Spain,es,Gabriel,ATP
Vega Hernandez D.,Spain,es,David,ATP
Ventura S.,Spain,es,Santiago,ATP
Verdasco F.,Spain,es,Fernando,ATP
Vicente F.,Spain,es,Fernando,ATP
Vilella Martinez M.,Spain,es,Mario,ATP
Zapata Miralles B.,Spain,es,Bernabe,ATP
Arruabarrena L.,Spain,es,Lara,WTA
Badosa P.,Spain,es,Paula,WTA
Bolsova Zadoinov A.,Spain,es,Aliona,WTA
Cabeza Candela E.,Spain,es,Estrella,WTA
Compostizo de Andres E.,Spain,es,Eloisa,WTA
Costas L.,Spain,es,Leticia,WTA
Dominguez Lino L.,Spain,es,Lourdes,WTA
Fernandez-Brugues E.,Spain,es,Eva,WTA
Ferrer Suarez I,Spain,es,Ines,WTA
Fondevila Castro P.,Spain,es,Paula,WTA
Gabarrus-Alonso M.,Spain,es,Maite,WTA
Garcia Perez G.,Spain,es,Georgina,WTA
Garcia Vidagany B.,Spain,es,Beatriz,WTA
Llagostera Vives N.,Spain,es,Nuria,WTA
Marrero M.,Spain,es,Marta,WTA
Martinez Granados C.,Spain,es,Conchita,WTA
Martinez-Sanchez M.J.,Spain,es,Maria Jose,WTA
Masarova R.,Spain,es,Rebeka,WTA
Medina Garrigues A.,Spain,es,Anabel,WTA
Muguruza G.,Spain,es,Garbine,WTA
Parra Santonja A.,Spain,es,Arantxa,WTA
Pous Tio L.,Spain,es,Laura,WTA
Ruano Pascual V.,Spain,es,Virginia,WTA
Sanchez M.,Spain,es,Maria-Jose Martinez,WTA
Soler Espinosa S.,Spain,es,Silvia,WTA
Sorribes Tormo S.,Spain,es,Sara,WTA
Suarez Navarro C.,Spain,es,Carla,WTA
Torro Flor M.T.,Spain,es,Maria-Teresa,WTA
Adaktusson J.,Sweden,se,Jacob,ATP
Arvidsson I.,Sweden,se,Isak,ATP
Berta D.,Sweden,se,Daniel,ATP
Bjorkman J.,Sweden,se,Jonas,ATP
Eleskovic E.,Sweden,se,Ervin,ATP
Enqvist T.,Sweden,se,Thomas,ATP
Eriksson M.,Sweden,se,Markus,ATP
Goransson T.,Sweden,se,Tim,ATP
Johansson J.,Sweden,se,Joachim,ATP
Johansson T.,Sweden,se,Torsten,ATP
Lindell C.,Sweden,se,Christian,ATP
Prpic A.,Sweden,se,Adrian,ATP
Prpic F.,Sweden,se,Filip,ATP
Rehnquist B.,Sweden,se,Bjorn,ATP
Rosenholm P.,Sweden,se,Patrik,ATP
Ryderstedt M.,Sweden,se,Michael,ATP
Sekulic M.,Sweden,se,Milos,ATP
Simonsson F.,Sweden,se,Fred,ATP
Soderling R.,Sweden,se,Robin,ATP
Soderlund C.,Sweden,se,Carl,ATP
Vinciguerra A.,Sweden,se,Andreas,ATP
Ymer E.,Sweden,se,Elias,ATP
Ymer M.,Sweden,se,Mikael,ATP
Allgurin E.,Sweden,se,Ellen,WTA
Arvidsson S.,Sweden,se,Sofia,WTA
Bjorklund M.,Sweden,se,Mirjam,WTA
Brazhnikova A.,Sweden,se,Anna,WTA
Celik S.,Sweden,se,Susanne,WTA
Larsson J.,Sweden,se,Johanna,WTA
Lister C.,Sweden,se,Cornelia,WTA
Melander H.,Sweden,se,Hilda,WTA
Nooni H.,Sweden,se,Hanna,WTA
Peterson R.,Sweden,se,Rebecca,WTA
Petersson R.,Sweden,se,Rebecca,WTA
Roma N.,Sweden,se,Nadja,WTA
Roma S.,Sweden,se,Sandra,WTA
Allegro Y.,Switzerland,ch,Yves,ATP
Bastl G.,Switzerland,ch,George,ATP
Bellier A.,Switzerland,ch,Antoine,ATP
Bohli S.,Switzerland,ch,Stephane,ATP
Bossel A.,Switzerland,ch,Adrien,ATP
Chiudinelli M.,Switzerland,ch,Marco,ATP
Ehrat S.,Switzerland,ch,Sandro,ATP
Federer R.,Switzerland,ch,Roger,ATP
Heuberger I.,Switzerland,ch,Ivo,ATP
Huesler M.A.,Switzerland,ch,Marc Andrea,ATP
Kratochvil M.,Switzerland,ch,Michel,ATP
Laaksonen H.,Switzerland,ch,Henri,ATP
Lammer M.,Switzerland,ch,Michael,ATP
Marti Y.,Switzerland,ch,Yann,ATP
Nikles J.,Switzerland,ch,Johan,ATP
Roshardt R.,Switzerland,ch,Robin,ATP
Sadecky A.,Switzerland,ch,Alexander,ATP
Scherrer J.C.,Switzerland,ch,Jean Claude,ATP
Valent R.,Switzerland,ch,Roman,ATP
Wawrinka S.,Switzerland,ch,Stan,ATP
Bacsinszky T.,Switzerland,ch,Timea,WTA
Bencic B.,Switzerland,ch,Belinda,WTA
Gagliardi E.,Switzerland,ch,Emmanuelle,WTA
Golubic V.,Switzerland,ch,Viktorija,WTA
Hingis M.,Switzerland,ch,Martina,WTA
In-Albon Y.,Switzerland,ch,Ylena,WTA
Knoll X.,Switzerland,ch,Xenia,WTA
Kung L.,Switzerland,ch,Leonie,WTA
Oprandi R.,Switzerland,ch,Romina,WTA
Perrin C.,Switzerland,ch,Conny,WTA
Sadikovic A.,Switzerland,ch,Amra,WTA
Schnyder P.,Switzerland,ch,Patty,WTA
Sugnaux T.,Switzerland,ch,Tess,WTA
Teichmann J.,Switzerland,ch,Jil,WTA
Voegele S.,Switzerland,ch,Stefanie,WTA
Waltert S.,Switzerland,ch,Simona,WTA
Chan C.W.,Taiwan,tw,Chin Wei,WTA
Chan Y.J.,Taiwan,tw,Yung-jan,WTA
Chang K.C.,Taiwan,tw,Kai Chen,WTA
Chuang C.J.,Taiwan,tw,Chia Jung,WTA
Hsieh S.W.,Taiwan,tw,Su-Wei,WTA
Hsu C.,Taiwan,tw,Connie,WTA
Hsu C.W.,Taiwan,tw,Ching-Wen,WTA
Hsu C.Y.,Taiwan,tw,Chieh-Yu,WTA
Lee P.C.,Taiwan,tw,Pei-Chi,WTA
Lee Y.H.,Taiwan,tw,Ya-Hsuan,WTA
Siriluethaiwattana P.,Thailand,th,Peerakiat,ATP
Srichaphan P.,Thailand,th,Paradorn,ATP
Trongcharoenchaikul W.,Thailand,th,Wishaya,ATP
Udomchoke D.,Thailand,th,Danai,ATP
Wachiramanowong K.,Thailand,th,Kittipong,ATP
Cheapchandej P.,Thailand,th,Patcharin,WTA
Kumkhum L.,Thailand,th,Luksika,WTA
Lertcheewakarn N.,Thailand,th,Noppawan,WTA
Lertpitaksinchai N.,Thailand,th,Nicha,WTA
Liang E.S.,Thailand,th,En-Shuo,WTA
Luangnam N.,Thailand,th,Nudnida,WTA
Plipuech P.,Thailand,th,Peangtarn,WTA
Tanasugarn T.,Thailand,th,Tamarine,WTA
Tangphong M.,Thailand,th,Montinee,WTA
Viratprasert S.,Thailand,th,Suchanun,WTA
Wannasuk N.,Thailand,th,Nungnadda,WTA
Wongteanchai V.,Thailand,th,Varunya,WTA
Wongteanchai Vara.,Thailand,th,Varatchaya,WTA
Jaziri M.,Tunisia,tn,Malek,ATP
Jabeur O.,Tunisia,tn,Ons,WTA
Sfar S.,Tunisia,tn,Selima,WTA
Celikbilek A.,Turkey,tr,Altug,ATP
Ilhan M.,Turkey,tr,Marsel,ATP
Ilkel C.,Turkey,tr,Cem,ATP
Kirkin E.,Turkey,tr,Ergi,ATP
Yuksel A.,Turkey,tr,Anil,ATP
Aksu A.,Turkey,tr,Ayla,WTA
Buyukakcay C.,Turkey,tr,Cagla,WTA
Cengiz B.,Turkey,tr,Berfu,WTA
Eraydin B.,Turkey,tr,Basak,WTA
Oz I.,Turkey,tr,Ipek,WTA
Ozgen P.,Turkey,tr,Pemra,WTA
Senoglu I.,Turkey,tr,Ipek,WTA
Soylu I.,Turkey,tr,Ipek,WTA
Alawadhi O.,UAE,ae,Omar,ATP
Awadhy O.,UAE,ae,Omar,ATP
Nader M.,UAE,ae,Mohammed,ATP
Bubka S.,Ukraine,ua,Sergei,ATP
Dolgopolov A.,Ukraine,ua,Alexandr,ATP
Dolgopolov O.,Ukraine,ua,Oleksandr,ATP
Marchenko I.,Ukraine,ua,Illya,ATP
Sachko V.,Ukraine,ua,Vitaliy,ATP
Sergeyev I.,Ukraine,ua,Ivan,ATP
Stakhovsky S.,Ukraine,ua,Sergiy,ATP
Antoniychuk K.,Ukraine,ua,Kristina,WTA
Arefyeva T.,Ukraine,ua,Tetyana,WTA
Beygelzimer Y.,Ukraine,ua,Yuliya,WTA
Bondarenko A.,Ukraine,ua,Alona,WTA
Bondarenko K.,Ukraine,ua,Kateryna,WTA
Buryachok I.,Ukraine,ua,Irina,WTA
Fedak Y.,Ukraine,ua,Yuliana,WTA
Fridman O.,Ukraine,ua,Olga,WTA
Ianchuk O.,Ukraine,ua,Olga,WTA
Kalinina A.,Ukraine,ua,Anhelina,WTA
Kapshay V.,Ukraine,ua,Verokina,WTA
Kichenok L.,Ukraine,ua,Lyudmyla,WTA
Kichenok N.,Ukraine,ua,Nadiia,WTA
Korashvili O.,Ukraine,ua,Oleksandra,WTA
Koryttseva M.,Ukraine,ua,Mariya,WTA
Kostyuk M.,Ukraine,ua,Marta,WTA
Kozlova K.,Ukraine,ua,Kateryna,WTA
Kutuzova V.,Ukraine,ua,Viktoriya,WTA
Lyubtsova O.,Ukraine,ua,Oxana,WTA
Perebiynis T.,Ukraine,ua,Tatiana,WTA
Savchuk O.,Ukraine,ua,Olga,WTA
Savranska Y.,Ukraine,ua,Yevgenia,WTA
Strakhova V.,Ukraine,ua,Valeriya,WTA
Svitolina E.,Ukraine,ua,Elina,WTA
Tsurenko L.,Ukraine,ua,Lesia,WTA
Vakulenko J.,Ukraine,ua,Julia,WTA
Yastremska D.,Ukraine,ua,Dayana,WTA
Zavatska K.,Ukraine,ua,Katarina,WTA
Cuevas P.,Uruguay,uy,Pablo,ATP
Agassi A.,USA,us,Andre,ATP
Altamirano C.,USA,us,Collin,ATP
Aragone J.C.,USA,us,Juan Cruz,ATP
Armando H.,USA,us,Hugo,ATP
Baker B.,USA,us,Brian,ATP
Bangoura S.,USA,us,Sekou,ATP
Blake J.,USA,us,James,ATP
Blanch U.,USA,us,Ulises,ATP
Boeker M.,USA,us,Matias,ATP
Bowles C.,USA,us,Clint,ATP
Britton D.,USA,us,Devin,ATP
Brooksby J.,USA,us,Jenson,ATP
Buchanan C.,USA,us,Chase,ATP
Clayton A.,USA,us,Alex,ATP
Cressy M.,USA,us,Maxime,ATP
Dailey Z.,USA,us,Zach,ATP
DeHeart R.,USA,us,Ryler,ATP
Dent T.,USA,us,Taylor,ATP
Donaldson J.,USA,us,Jack,ATP
Escobedo E.,USA,us,Ernesto,ATP
Eubanks C.,USA,us,Christopher,ATP
Evans B.,USA,us,Brendan,ATP
Fish M.,USA,us,Marty,ATP
Fleishman Z.,USA,us,Zack,ATP
Fratangelo B.,USA,us,Bjorn,ATP
Fritz T.,USA,us,Taylor,ATP
Fruttero J.P.,USA,us,John Paul,ATP
Gambill J.M.,USA,us,Jan Michael,ATP
Gimelstob J.,USA,us,Justin,ATP
Ginepri R.,USA,us,Robby,ATP
Giron M.,USA,us,Marcos,ATP
Goldstein P.,USA,us,Paul,ATP
Gromley C.,USA,us,Cole,ATP
Halebian A.,USA,us,Alexios,ATP
Harrison C.,USA,us,Christian,ATP
Harrison R.,USA,us,Ryan,ATP
Isner J.,USA,us,John,ATP
Jenkins S.,USA,us,Scoville,ATP
Johnson S.,USA,us,Steve,ATP
Kendrick R.,USA,us,Robert,ATP
Kim K.,USA,us,Kevin,ATP
King E.,USA,us,Evan,ATP
King K.,USA,us,Kevin,ATP
King P.,USA,us,Phillip,ATP
Klahn B.,USA,us,Bradley,ATP
Korda S.,USA,us,Sebastian,ATP
Kosakowski D.,USA,us,Daniel,ATP
Kozlov S.,USA,us,Stefan,ATP
Krajicek A.,USA,us,Austin,ATP
Krueger M.,USA,us,Mitchell,ATP
Kudla D.,USA,us,Denis,ATP
Kuznetsov Al.,USA,us,Alex,ATP
Kwiatkowski T.S.,USA,us,Thai Son,ATP
Kypson P.,USA,us,Patrick,ATP
Lajola D.,USA,us,Dimitar,ATP
Lipsky S.,USA,us,Scott,ATP
Martin D.,USA,us,Dan,ATP
McClune M.,USA,us,Michael,ATP
Mcdonald M.,USA,us,Mackenzie,ATP
Meister N.,USA,us,Nicolas,ATP
Mmoh M.,USA,us,Michael,ATP
Morrison J.,USA,us,Jeff,ATP
Nava E.,USA,us,Emilio,ATP
Novikov D.,USA,us,Dennis,ATP
Nunez E.,USA,us,Eric,ATP
O'Neal J.,USA,us,Justin,ATP
Odesnik W.,USA,us,Wayne,ATP
Opelka R.,USA,us,Reilly,ATP
Oudsema S.,USA,us,Scott,ATP
Pasha N.,USA,us,Nathan,ATP
Paul T.,USA,us,Tommy,ATP
Purcell M.,USA,us,Max,ATP
Querrey S.,USA,us,Sam,ATP
Quigley E.,USA,us,Eric,ATP
Reinberg E.,USA,us,Emil,ATP
Rettenmaier T.,USA,us,Travis,ATP
Reynolds B.,USA,us,Bobby,ATP
Roddick A.,USA,us,Andy,ATP
Rubin N.,USA,us,Noah,ATP
Russell M.,USA,us,Michael,ATP
Salzenstein J.,USA,us,Jeff,ATP
Sandgren T.,USA,us,Tennys,ATP
Sarkissian A.,USA,us,Alexander,ATP
Sarmiento R.,USA,us,Raymond,ATP
Shane R.,USA,us,Ryan,ATP
Shi B.,USA,us,Brian,ATP
Simmonds P.,USA,us,Phillip,ATP
Smith A.,USA,us,Austin,ATP
Smyczek T.,USA,us,Tim,ATP
Sock J.,USA,us,Jack,ATP
Spadea V.,USA,us,Vincent,ATP
Strode B.,USA,us,Blake,ATP
Svajda Z.,USA,us,Zachary,ATP
Sweeting R.,USA,us,Ryan,ATP
Thompson C.,USA,us,Clay,ATP
Tiafoe F.,USA,us,Frances,ATP
Vahaly B.,USA,us,Brian,ATP
Warburg S.,USA,us,Sam,ATP
Washington M.,USA,us,Mashiska,ATP
Weiner G.,USA,us,Glenn,ATP
Widom T.,USA,us,Todd,ATP
Williams R.,USA,us,Rhyne,ATP
Witten J.,USA,us,Jesse,ATP
Wolf J.J.,USA,us,Jeffrey John,ATP
Yani M.,USA,us,Michael,ATP
Young D.,USA,us,Donald,ATP
Ahn K.,USA,us,Kristie,WTA
Ahn K.H.,USA,us,Kristie,WTA
Albanese L.,USA,us,Lauren,WTA
Altick F.,USA,us,Frances,WTA
Anisimova A.,USA,us,Amanda,WTA
Arconada U.M.,USA,us,Usue Matane,WTA
Atawo R.,USA,us,Raquel,WTA
Augustine B.,USA,us,Brittany,WTA
Baptiste H.,USA,us,Hailey,WTA
Barte H.,USA,us,Hilary,WTA
Bellis C.,USA,us,Catherine,WTA
Black T.A.,USA,us,Tornado Alicia,WTA
Boserup J.,USA,us,Julia,WTA
Brady J.,USA,us,Jennifer,WTA
Brengle M.,USA,us,Madison,WTA
Brodsky G.,USA,us,Gail,WTA
Burdette M.,USA,us,Mallory,WTA
Cako J.,USA,us,Jacqueline,WTA
Capra B.,USA,us,Beatrice,WTA
Cecil M.,USA,us,Mallory,WTA
Chirico L.,USA,us,Louisa,WTA
Cohen A.,USA,us,Audra Marie,WTA
Cohen J.,USA,us,Julia,WTA
Collins C.,USA,us,Courtney,WTA
Collins D.,USA,us,Danielle,WTA
Crawford S.,USA,us,Samantha,WTA
Craybas J.,USA,us,Jill,WTA
Davenport L.,USA,us,Lindsay,WTA
Davis L.,USA,us,Lauren,WTA
Day K.,USA,us,Kayla,WTA
Ditty J.,USA,us,Julie,WTA
Dolehide C.,USA,us,Caroline,WTA
Duval V.,USA,us,Victoria,WTA
Elie J.,USA,us,Jennifer,WTA
Embree L.,USA,us,Lauren,WTA
Falconi I.,USA,us,Irina,WTA
Fink A.,USA,us,Amanda,WTA
Fitzpatrick A.,USA,us,Anne,WTA
Flower K.,USA,us,Kirsten,WTA
Gallovits E.,USA,us,Edina,WTA
Gauff C.,USA,us,Cori,WTA
Gibbs N.,USA,us,Nicole,WTA
Glatch A.,USA,us,Alexa,WTA
Gordon A.,USA,us,Alexis,WTA
Granville L.,USA,us,Laura,WTA
Gullickson C.,USA,us,Carly,WTA
Hampton J.,USA,us,Jamie,WTA
Harkleroad A.,USA,us,Ashley,WTA
Harrison C.,USA,us,Catherine,WTA
Haynes A.,USA,us,Angela,WTA
Jackson J.,USA,us,Jamea,WTA
Kenin S.,USA,us,Sofia,WTA
Keys M.,USA,us,Madison,WTA
Kiick A.,USA,us,Allie,WTA
King V.,USA,us,Vania,WTA
Kratzer A.,USA,us,Ashley,WTA
Lao D.,USA,us,Danielle,WTA
Lepchenko V.,USA,us,Varvara,WTA
Li A.,USA,us,Ann,WTA
Liu A.,USA,us,Amber,WTA
Liu C.,USA,us,Claire,WTA
Loeb J.,USA,us,Jamie,WTA
Luzhanska T.,USA,us,Tetiana,WTA
Marand S.,USA,us,Sanaz,WTA
Mateas M.,USA,us,Maria,WTA
Mattek-Sands B.,USA,us,Bethanie,WTA
Mayo A.,USA,us,Alyssa,WTA
Mchale C.,USA,us,Christina,WTA
Mcnally C.,USA,us,Catherine,WTA
Melichar N.,USA,us,Nicole,WTA
Min G.,USA,us,Grace,WTA
Minor B.,USA,us,Brienne,WTA
Montgomery R.,USA,us,Robin,WTA
Mueller A.,USA,us,Alexandra,WTA
Muhammad A.,USA,us,Asia,WTA
Navarro E.,USA,us,Emma,WTA
Nelson L.,USA,us,Lindsey,WTA
Osterloh L.,USA,us,Lilia,WTA
Osuigwe W.,USA,us,Whitney,WTA
Oudin M.,USA,us,Melanie,WTA
Pegula J.,USA,us,Jessica,WTA
Pera B.,USA,us,Bernarda,WTA
Perry S.,USA,us,Shenay,WTA
Raymond L.,USA,us,Lisa,WTA
Riske A.,USA,us,Alison,WTA
Rogers S.,USA,us,Shelby,WTA
Rolle A.,USA,us,Ahsha,WTA
Scandalis Z.G.,USA,us,Zoe Gwen,WTA
Scholl C.,USA,us,Chiara,WTA
Scott K.,USA,us,Katrina,WTA
Shaughnessy M.,USA,us,Meghann,WTA
Spears A.,USA,us,Abigail,WTA
Stephens S.,USA,us,Sloane,WTA
Stevenson A.,USA,us,Alexandra,WTA
Tatishvili A.,USA,us,Anna,WTA
Taylor G.,USA,us,Gruber,WTA
Townsend T.,USA,us,Taylor,WTA
Tu M.,USA,us,Meilen,WTA
Uberoi N.,USA,us,Neha,WTA
Vandeweghe C.,USA,us,Coco,WTA
Vickery S.,USA,us,Sachia,WTA
Volynets K.,USA,us,Katie,WTA
Washington M.,USA,us,Mashona,WTA
Weinhold A.,USA,us,Ashley,WTA
Williams S.,USA,us,Serena,WTA
Williams V.,USA,us,Venus,WTA
Dustov F.,Uzbekistan,uz,Farrukh,ATP
Istomin D.,Uzbekistan,uz,Denis,ATP
Abduraimova N.,Uzbekistan,uz,Nigina,WTA
Abdurakhimova A.,Uzbekistan,uz,Alina,WTA
Amanmuradova A.,Uzbekistan,uz,Akgul,WTA
Ekshibarova V.,Uzbekistan,uz,Vlada,WTA
Folts A.,Uzbekistan,uz,Arina,WTA
Khayrova S.,Uzbekistan,uz,Sariya,WTA
Kolesnichenko A.,Uzbekistan,uz,Alexandra,WTA
Ogorodova A.,Uzbekistan,uz,Alisa,WTA
Saidkhodjaeva D.,Uzbekistan,uz,Dilyara,WTA
Sharipova S.,Uzbekistan,uz,Sabina,WTA
Tulyaganova I.,Uzbekistan,uz,Iroda,WTA
Umarova K.,Uzbekistan,uz,Komola,WTA
Echeverria Alam N.,Venezuela,ve,Nadia,WTA
Gamiz A.,Venezuela,ve,Andrea,WTA
Perez A.,Venezuela,ve,Adriana,WTA
Sequera M.,Venezuela,ve,Milagros,WTA
Do M.Q.,Vietnam,vn,Minh Quan,ATP
Garanganga T.,Zimbabwe,zw,Takanyi,ATP
Black C.,Zimbabwe,zw,Cara,WTA
